Nº Pedido,Cód. Cliente,CNPJ,Nome Cliente,Grupo Cliente,Região,Endereço Completo,Qtde. dos Itens,Peso dos Itens,Latitude,Longitude,Janela de Descarga,Anomalia
3740911,213789,22893182000100,Puro Sabor Serviços De Alimentação Ltda,Nenhum,Americana,"Rua Seriemas, Das, 550, Vila Mathiesen, Americana, São Paulo",11,220.0,-22.7679745,-47.3267778,30,0
3740545,194237,02702956000160,Supermercado Pernambuco Ltda,Nenhum,Araçoiaba da Serra,"Rua Professor Toledo, 194, Centro, Araçoiaba Da Serra, São Paulo",16,310.0,-23.5050525,-47.6182181,30,0
3740588,12505,03922786000192,Convem Supermercados Ltda.,Convém,Atibaia,"Avenida Walter Engracia De Oliveira, 39, Estancia Lynce, Atibaia, São Paulo",4,75.0,-23.1248363,-46.5514725,30,0
3740637,11998,05927276000133,Mitsue Watanabe Supermercado,Rede Big,Atibaia,"Avenida São João, 1115, Centro, Atibaia, São Paulo",6,120.0,-23.1132246,-46.5569782,30,0
3740624,12977,09376437000107,W & W Boulevard Comércio De Alim. Ltda.,Rede Big,Atibaia,"Avenida Alfredo André, 905, Jardim Brasil, Atibaia, São Paulo",5,100.0,-23.11694,-46.55028,30,0
3740625,13323,09376437000280,W & W Boulevard Com. Alimentos Ltda,Rede Big,Atibaia,"Rua Adolfo Andre, 100, Centro, Atibaia, São Paulo",6,120.0,-23.1129611,-46.5554752,30,0
3740627,187886,09376437000360,W & W Boulevard Com.De Alimentos Ltda,Rede Big,Atibaia,"Avenida Da Saudade, 61, Centro, Atibaia, São Paulo",6,120.0,-23.1159954,-46.5492865,30,0
3740656,12976,09532081000145,Supermercado Ono Compacto Ltda  Epp,Rede Big,Atibaia,"Rua Nello Bacci, 121, Tanque, Atibaia, São Paulo",6,120.0,-23.0445236,-46.5692836,30,0
3740659,205176,09532081000307,Supermercado Ono Compacto Ltda,Rede Big,Atibaia,"Rua Antonio Cunha Leite, 2458, Portao, Atibaia, São Paulo",6,120.0,-23.2058183,-46.5886085,30,0
3740626,187884,16960314000176,B.S Copacabana Com.De Alimentos Ltda,Rede Big,Atibaia,"Avenida Prefeito Antonio J.Toledo Garcia Lopes, 1525, Jd.Das Cerejeiras, Atibaia, São Paulo",7,135.0,-23.11694,-46.55028,30,0
3740636,187885,16960314000257,B.S Copacabana Com.De Alimentos Ltda,Rede Big,Atibaia,"Rua Japão, 37, Jd.Imperial, Atibaia, São Paulo",6,120.0,-23.11694,-46.55028,30,0
3740890,197000,31881926000167,Superm. Jandira Ltda,Nenhum,Atibaia,"Avenida Dom Pedro Ii, 70, Jardim Imperial, Atibaia, São Paulo",4,80.0,-23.144885,-46.5797268,30,0
3740657,203478,40852213000166,Big Sm Comercio De Alimentos Ltda,Rede Big,Atibaia,"Rua Jaci, 60, Jd Do Lago, Atibaia, São Paulo",5,100.0,-23.11694,-46.55028,30,0
3740544,204962,45578450000102,Center Carnes Quality Ltda,Nenhum,Atibaia,"Avenida Dona Gertrudes, 1127, Alvinopolis, Atibaia, São Paulo",4,80.0,-23.118095,-46.5690266,30,0
3740268,207276,48464281000160,Crispybox Ltda,Nenhum,Atibaia,"Rua Brasil, 171, Atibaia Jardim, Atibaia, São Paulo",6,120.0,-23.1209541,-46.5575287,30,0
3740660,210955,51158802000165,Emporio Flamboyant Comercio De Alimentos,Nenhum,Atibaia,"Avenida Santana, 2813, Nova Gardenia, Atibaia, São Paulo",5,100.0,-23.11694,-46.55028,30,0
3740265,213331,54803962000108,Restaurante Do Queijeiro 4 Ltda,Nenhum,Atibaia,"Rodovia Fernao Dias Km 41,50, S/N, Jardim Do Alvinopolis, Atibaia, São Paulo",12,230.0,-23.11694,-46.55028,30,0
3740646,9888,00063960003973,Wal Mart Do  Brasil Ltda,Sam`S,Barueri,"Avenida Tucunare, 80, Tambore, Barueri, São Paulo",18,360.0,-23.51056,-46.87611,30,0
3740765,9778,02255118000196,Center Carnes Rocha Amorin Ltda-Me,Nenhum,Barueri,"Rua Da Prata, 349, Jardim Dos Camargos, Barueri, São Paulo",5,100.0,-23.5025874,-46.8674979,30,0
3740770,14048,10655452000165,Adneusa Da Paixão Me,Nenhum,Barueri,"Rua Americo Vespucio, 12, Parque Imperial, Barueri, São Paulo",11,210.0,-23.4804833,-46.8052982,30,0
3740397,194851,12038869000104,C.Analia Supermercado Ltda,Nenhum,Osasco,"Rua Alagoinha, 998, Jardim Mutinga, Barueri, São Paulo",12,240.0,-23.5055776,-46.8092969,30,0
3740892,192234,24335023000115,Tamires Regina Batista B.Rodrigues,Nenhum,Barueri,"Rua Padre Cicero Romao Batista, 234, Parque Imperial, Barueri, São Paulo",7,135.0,-23.4886307,-46.8133445,30,0
3740999,215418,53449951000109,Managon Acougue Ltda,Nenhum,Barueri,"Rua Claudio Manoel Da Costa, 43, Parque Imperial, Barueri, São Paulo",5,100.0,-23.4831217,-46.8053765,30,0
3740554,3062,54313374000196,Supermercado Magnata Ltda.,Nenhum,Barueri,"Rua Minas Gerais, 300, Vila Boa Vista, Barueri, São Paulo",11,215.0,-23.5011283,-46.8754334,30,0
3740768,213615,55599022000101,S Ortega Com.Produtos Alimenticios Slu L,Nenhum,Barueri,"Alameda Colibri, 64, Morada Dos Passaros, Barueri, São Paulo",1,20.0,-23.4953736,-46.9513761,30,0
3740399,3837,62590641000109,L.E. Comercio De Carnes Ltda - Me,Nenhum,Barueri,"Avenida Cachoeira, 125, Vl. Pindorama, Barueri, São Paulo",15,300.0,-23.4928532,-46.880312,30,0
3740748,997,67303602000199,Ruth Pereira De Lima Laticinios Me,Nenhum,Barueri,"Avenida Capitão Francisco Cesar, 1217, Engenho Novo, Barueri, São Paulo",7,140.0,-23.51056,-46.87611,30,0
3740119,209833,71676316001975,Supermercados Mambo Ltda.,Mambo,Barueri,"Alameda Rio Negro, 1456, Alphaville Industrial, Barueri, São Paulo",16,320.0,-23.51056,-46.87611,30,0
3740393,199511,21010503001432,Centro De Distrib. Rede Krill Ltda,Krill,Bertioga,"Avenida Anchieta, 2300, Albatroz, Bertioga, São Paulo",3,60.0,-23.8376018,-46.1298621,30,0
3740457,199511,21010503001432,Centro De Distrib. Rede Krill Ltda,Krill,Bertioga,"Avenida Anchieta, 2300, Albatroz, Bertioga, São Paulo",8,160.0,-23.8376018,-46.1298621,30,0
3740389,199507,21010503001785,Centro De Distrbuição Rede Krill Ltda,Krill,Bertioga,"Avenida Aprovada 294, 775, Boraceia, Bertioga, São Paulo",3,60.0,-23.85444,-46.13861,30,0
3740463,199507,21010503001785,Centro De Distrbuição Rede Krill Ltda,Krill,Bertioga,"Avenida Aprovada 294, 775, Boraceia, Bertioga, São Paulo",25,500.0,-23.85444,-46.13861,30,0
3740630,200510,22668523000143,Fabiola M. Haraguti Camargo 27392429809,Nenhum,Biritiba Mirim,"Rua Jose Oliva Melo, 85, Centro, Biritiba-Mirim, São Paulo",8,160.0,-23.5731197,-46.0391715,30,0
3740396,194917,01129624000176,Casa De Carnes Irmãos Rusconi Ltda,Nenhum,Boituva,"Rua Amaro J Andrade, 428, Jd.Maria Paulina, Boituva, São Paulo",14,270.0,-23.28333,-47.67222,30,0
3740016,205634,05897385000155,Rodrigues & Campos Pizzaria Ltda,Nenhum,Boituva,"Rua Joao Leite, 39, Centro, Boituva, São Paulo",5,100.0,-23.2858028,-47.6746236,30,0
3740821,201881,36853255000144,Surana Apª Rodrigues De Campos 396625258,Nenhum,Boituva,"Rua Joao De Camargo, 352, Pq Res Novo Mundo, Boituva, São Paulo",18,350.0,-23.2628736,-47.6716318,30,0
3740342,12438,05690736000152,Angela Emico Honda Mercearia Me,Nenhum,Bom Jesus dos Perdões,"Rua Major Murzilho, 96, Centro, Bom Jesus Dos Perdões, São Paulo",14,280.0,-23.135,-46.46528,30,0
3740589,178735,97536721000152,Supermercado Convem De Perdões Ltda,Convém,Bom Jesus dos Perdões,"Rua 21 De Abril, 470, Centro, Bom Jesus Dos Perdões, São Paulo",4,70.0,-23.135,-46.46528,30,0
3740601,188155,20248913000139,Convem Supermercados De Bragança Ltda,Convém,Bragança Paulista,"Avenida Salvador Markowicz, 339, Lagos De Santa Helena, Bragança Paulista, São Paulo",4,75.0,-22.9806161,-46.5299192,30,0
3740658,201468,35929117000210,Bw Com. Alimentos Ltda,Rede Big,Bragança Paulista,"Avenida Dos Imigrantes, 2400, Jardim America, Bragança Paulista, São Paulo",6,120.0,-22.9521237,-46.546414,30,0
3740521,187998,11971667000158,J.J.S Comercial De Alimentos Ltda-Me,Nenhum,Cabreúva,"Avenida Major Antonio Da Silveira Camargo, 148, Centro, Cabreúva, São Paulo",6,100.0,-23.3086055,-47.1295799,30,0
3740444,194177,27461192000190,Casa Carnes Mendes E Gonçalves Ltda - Me,Nenhum,Cabreúva,"Avenida Paschoal Santi, 957, Vilarejo, Cabreúva, São Paulo",11,207.0,-23.2828843,-47.0587768,30,0
3740359,204079,43290707000192,Cgf Calimerio Garcia Filho Ltda,Nenhum,Cabreúva,"Rua Antonio Furquim, 220, Jacare, Cabreúva, São Paulo",3,60.0,-23.2460826,-47.0575519,30,0
3740958,208033,44627773000178,Jrm Produtos Alimenticios Ltda,Nenhum,Cabreúva,"Avenida Vereador Jose Donato, 1193, Vilarejo, Cabreúva, São Paulo",7,140.0,-23.2440302,-47.0573721,30,0
3740688,13006,50948371000682,Irmãos Boa  Ltda,Irmãos Boa,Cabreúva,"Rua Maranhao, 256, Jacaré, Cabreúva, São Paulo",13,260.0,-23.2495822,-47.0561778,30,0
3740257,210071,51578571000149,Super Cm Compre Mais Supermercado Ltda,Nenhum,Cabreúva,"Avenida Vereador Jose Donato, 1385, Vilarejo, Cabreúva, São Paulo",10,200.0,-23.275325,-47.0495177,30,0
3740437,215104,59007557000105,Amigo Churrasqueiro Comercio De Carnes L,Nenhum,Cabreúva,"Rua Marechal Deodoro Da Fonseca, 240, Centro, Cabreúva, São Paulo",5,90.0,-23.3069129,-47.1334429,30,0
3740236,210137,66888595000503,Supermercado Servidao Ltda,Rede Servidão,Caieiras,"Rua Jose Do Carmo Leite, 104, Centro, Caieiras, São Paulo",3,60.0,-23.36417,-46.74056,30,0
3740553,161901,05422192000148,Supermercado Central Cajamar Ltda,Nenhum,Cajamar,"Praça Benedito Martins Da Cruz, 20, Centro, Cajamar, São Paulo",7,140.0,-23.35611,-46.87694,30,0
3740809,156981,08815800000172,N & N Comercio De Alimentos Ltda,Nenhum,Cajamar,"Avenida Tenente Marques, 4131, Ipes (Polvilho), Cajamar, São Paulo",5,100.0,-23.4094528,-46.8418675,30,0
3740739,201474,11628012000181,Açougue Das Meninas Dalcin Ltda,Nenhum,Cajamar,"Rua Jose Luiz Leme Maciel, 68, Jordanesia, Cajamar, São Paulo",6,120.0,-23.335462,-46.8284617,30,0
3740898,954,43488980000126,Casa De Carnes Dalcin Ltda,Nenhum,Cajamar,"Rua Prefeito Antonio Garrido, 252, Jordanesia, Cajamar, São Paulo",20,400.0,-23.3362606,-46.8392834,30,0
3740518,13759,06342246000128,Irene Lucia Pereira,Nenhum,Cajati,"Rua Joao Felizardo, 477, Vila Antunes, Cajati, São Paulo",8,160.0,-24.7333484,-48.1094422,30,0
3740350,202109,21138006000108,R.M Muniz E Carneiro Carnes Ltda,Nenhum,Cajati,"Rua Chile, 250, Jd.Cardoso De Freitas, Cajati, São Paulo",31,620.0,-24.7204053,-48.0979843,30,0
3740240,211870,39324707000199,Suely Martins De Oliveira Ltda,Nenhum,Cajati,"Rua Indiara, 375, Jd.Ana Maria, Cajati, São Paulo",15,300.0,-24.7404227,-48.121226,30,0
3740758,208151,48922738000132,Central Carnes Aj Ltda,Nenhum,Cajati,"Avenida Dr. Fernando Costa, 282, Centro, Cajati, São Paulo",12,240.0,-24.73611,-48.12278,30,0
3740239,4822,61721734000154,José Rodrigues Merceria Me,Nenhum,Cajati,"Avenida Fernando Costa, 2143, Parafuso, Cajati, São Paulo",8,160.0,-24.7285814,-48.1171308,30,0
3740300,190371,02022595000101,Rio Das Pedras Com. De Hortifrutigranjei,Nenhum,Campinas,"Rua Doutor Alberto Gallo, 226, Cidade Universitaria Ii, Campinas, São Paulo",5,100.0,-22.90556,-47.06083,30,0
3740985,200568,51033629000179,Proença Com. De Hortifruti Ltda,Nenhum,Campinas,"Avenida Ayrton Senna Da Silva, 450, Vila Jaquitibas, Campinas, São Paulo",6,120.0,-22.90556,-47.06083,30,0
3740483,200044,53343661000186,Casa Carnes Natan Ltda,Nenhum,Campinas,"Rua Nicaragua, 307, N Europa, Campinas, São Paulo",8,155.0,-22.932135,-47.0672406,30,0
3740178,214961,57174248000196,Fazenda Campineira Restaurante Ltda,Divino Fogão,Campinas,"Avenida Iguatemi, 777, Vila Brandina, Campinas, São Paulo",4,80.0,-22.8924024,-47.0272094,30,0
3740992,215696,76430438014121,Irmãos Muffato S.A,Rede Muffato,Campinas,"Avenida Ricardo Bassoli Cezare, 1567, Jardim Das Bandeiras, Campinas, São Paulo",34,675.0,-22.9495493,-47.0928675,30,0
3740708,14466,50974732000584,Cooperativa De Consumo Coopercica,Coopercica,Campo Limpo Paulista,"Rua Maria José Rodrigues, 90, Jd.Santa Lucia, Campo Limpo Paulista, São Paulo",18,355.0,-23.2104628,-46.7946342,30,0
3740779,1185,60186376000598,Mercadinho Piratininga Ltda,Piratininga,Campos do Jordão,"Avenida Doutor Januario Miraglia, 608, Vila Jaguaribe, Campos Do Jordão, São Paulo",16,320.0,-22.7437125,-45.5964598,30,0
3740603,10715,03616124000194,Manoel Barbosa De Alencar Me,Nenhum,Cananéia,"Avenida Independencia, 278, Rocio, Cananéia, São Paulo",11,205.0,-25.0069457,-47.9313292,30,0
3740759,13478,09658503000123,Eliane Cristina Fukunaga Araujo Minimerc,Nenhum,Cananéia,"Avenida Miguel De Araujo, 182, Porto Cubatão, Cananéia, São Paulo",6,120.0,-24.97232,-47.94529,30,0
3740382,12118,66609546000152,Supermercado Takagi Ltda Me.,Nenhum,Cananéia,"Avenida Independencia, 1136, Rocio, Cananéia, São Paulo",7,130.0,-25.0069457,-47.9313292,30,0
3739262,11618,61233151001156,Covabra Supermercados Ltda.,Covabra,Capivari,"Avenida Pio Xii, 900, Jardim Porto Alegre, Capivari, São Paulo",19,370.0,-22.995,-47.50778,30,0
3740816,167082,08571723000152,Mercadinho Piratininga De Generos Alimen,Piratininga,Caraguatatuba,"Avenida José Herculano, 7040, Porto Novo, Caraguatatuba, São Paulo",6,120.0,-23.6946544,-45.4422191,30,0
3740987,167082,08571723000152,Mercadinho Piratininga De Generos Alimen,Piratininga,Caraguatatuba,"Avenida José Herculano, 7040, Porto Novo, Caraguatatuba, São Paulo",14,275.0,-23.6946544,-45.4422191,30,0
3740665,193016,01444210000484,Comercio De Alimentos Alves E Farias Ltd,Rede Parana,Carapicuíba,"Estrada Do Copiuva, 1985, Vila Da Oportunidade, Carapicuíba, São Paulo",72,1440.0,-23.5539916,-46.8262051,30,0
3740744,201322,34906898000183,Rosane Da Silva Vieira 19290074850,Nenhum,Carapicuíba,"Rua Ofelia Alves Ferreira, 60, Jardim Yaya, Carapicuíba, São Paulo",8,160.0,-23.5564628,-46.8342566,30,0
3740963,204045,39895236000179,Rcl Merc. Açougue E Padaria Ltda,Rede Don,Carapicuíba,"Estrada Fazendinha, 281, Pousada Dos Bandeirantes, Carapicuíba, São Paulo",15,300.0,-23.52272,-46.835,30,0
3740789,210494,51811333000131,Supermercado Oliveira Comercio De Alimen,Nenhum,Carapicuíba,"Rua Maria Candida Teixeira Lacerda, 615, Vila Veloso, Carapicuíba, São Paulo",5,100.0,-23.52272,-46.835,30,0
3740989,213970,55806741000156,Supermercado Panda 2 Ltda,Nenhum,Carapicuíba,"Avenida Comendador Dante Carraro, 576, Cidade Ariston Estela Azevedo, Carapicuíba, São Paulo",4,80.0,-23.5340401,-46.8534601,30,0
3740438,214904,58539253000118,58.539.253 Natiano Rocha Silva,Nenhum,Carapicuíba,"Rua Sao Lucas Evangelista, 236, Jardim Cibele, Carapicuíba, São Paulo",5,100.0,-23.52272,-46.835,30,0
3740250,214377,08944502000697,Examine Supermercados Ltda,Examine,Cordeirópolis,"Rodovia Constante Peruchi, 677, Bairro Do Cascalho, Cordeirópolis, São Paulo",6,110.0,-22.48194,-47.45667,30,0
3740661,12591,00063960007103,Wal Mart Do Brasil Ltda,Sam`S,Cotia,"Rodovia Raposo Tavares, 23033, Granja Viana, Cotia, São Paulo",14,280.0,-23.598486,-46.8560025,30,0
3740506,12194,05218394000172,Integral Alimentação Com.E Serviços Ltda,Nenhum,Cotia,"Estrada Fernando Nobre, 283/487, Parque Rincao, Cotia, São Paulo",1,20.0,-23.60389,-46.91917,30,0
3740526,12194,05218394000172,Integral Alimentação Com.E Serviços Ltda,Nenhum,Cotia,"Avenida Vasco Massafeli, 1010, Jardim Maria Tereza, Cotia, São Paulo",3,60.0,-23.60389,-46.91917,30,0
3740285,14415,05910352000106,F.A.B Pães & Doces 39 Ltda Me,Nenhum,Cotia,"Avenida Ivo Mario Isaac Pires, 10/1,  Das Pedras, Cotia, São Paulo",3,60.0,-23.6277066,-46.9854168,30,0
3740348,194998,14223367000189,Supermercado Peteko Ltda,Nenhum,Cotia,"Estrada Municipal Do Caputera, 333, Ressaca, Cotia, São Paulo",5,100.0,-23.60389,-46.91917,30,0
3740921,190649,21700212000151,Sacolão Granja Viana Ltda,Sacolão Saúde,Cotia,"Rua Ushima Kira, S/N, Granja Viana, Cotia, São Paulo",8,140.0,-23.5920398,-46.8348449,30,0
3740533,210855,39456953000102,Lanchonete Okajima Ltda,Nenhum,Cotia,"Rua Coapa, 109, Jardim Leonor, Cotia, São Paulo",10,200.0,-23.6100182,-46.9327154,30,0
3740804,205532,40131676000481,Comercial Benz Eireli,Nenhum,Cotia,"Rua Quinze De Piracicaba, 19, Jardim Sandra, Cotia, São Paulo",8,160.0,-23.60389,-46.91917,30,0
3740800,205534,40131676000643,Comercial Benz Eireli,Nenhum,Cotia,"Estrada Da Agua Espraiada, 2713, Chac.Tropical (Caucaia Alto), Cotia, São Paulo",24,480.0,-23.60389,-46.91917,30,0
3740799,205529,40131676000724,Comercial Benz Eireli,Nenhum,Cotia,"Rua Vicente Celestino, 184, Parque Mirante Da Mata, Cotia, São Paulo",14,280.0,-23.6176627,-46.9548532,30,0
3740794,210871,52307317000179,Familia Supermercados 1 Ltda,Nenhum,Cotia,"Rua Batista Cepelos, 25, Centro, Cotia, São Paulo",5,100.0,-23.60389,-46.91917,30,0
3740225,194142,53794749000114,Nova Parati Pães E Doces Ltda - Me,Nenhum,Cotia,"Avenida Eid Mansur, 18, Parque São George, Cotia, São Paulo",3,60.0,-23.5959976,-46.8511558,30,0
3740565,218,67393207000144,Casa De Carnes Nova Sublime Ltda - Me,Nenhum,Cotia,"Avenida Joao Paulo Ablas, 45, Jardim Da Glória, Cotia, São Paulo",11,220.0,-23.5977232,-46.8415226,30,0
3740720,12346,00472541000112,Casa De Carnes Alexandra Ltda - Me,Nenhum,Cubatão,"Avenida Nossa Senhora Da Lapa, 22, Vila Nova, Cubatão, São Paulo",5,100.0,-23.895,-46.42528,30,0
3740373,199483,21010503000975,Centro De Distrib. Rede Krill Ltda,Krill,Cubatão,"Avenida Martins Fontes, 1101, Vila Nova, Cubatão, São Paulo",3,60.0,-23.895,-46.42528,30,0
3740455,199483,21010503000975,Centro De Distrib. Rede Krill Ltda,Krill,Cubatão,"Avenida Martins Fontes, 1101, Vila Nova, Cubatão, São Paulo",25,500.0,-23.895,-46.42528,30,0
3740390,199508,21010503001866,Centro De Distribuição Rede Krill Ltda,Krill,Cubatão,"Avenida Joaquim Jorge Peralta, 166, Parque Sao Luis, Cubatão, São Paulo",3,60.0,-23.895,-46.42528,30,0
3740464,199508,21010503001866,Centro De Distribuição Rede Krill Ltda,Krill,Cubatão,"Avenida Joaquim Jorge Peralta, 166, Parque Sao Luis, Cubatão, São Paulo",15,300.0,-23.895,-46.42528,30,0
3740835,3660,03911397000161,Mercadão Da Carne Abc Ltda,Nenhum,Diadema,"Avenida Lico Maia, 552, Cerraria, Diadema, São Paulo",22,440.0,-23.6992148,-46.6104069,30,0
3740194,200751,04059651000108,Center Carnes Select Ltda,Nenhum,Diadema,"Rua Santa Bernadete, 344, Canhema, Diadema, São Paulo",27,520.0,-23.6728106,-46.6037944,30,0
3740844,751,45019692000158,Avicola E Mercearia Mariz Ltda,Nenhum,Diadema,"Avenida Brasilia, 581, Campanário, Diadema, São Paulo",6,110.0,-23.6682373,-46.6185895,30,0
3740973,210852,52098579000170,Acougue Quilo E Grama Ltda,Nenhum,Diadema,"Avenida Presidente Juscelino, 333, Piraporinha, Diadema, São Paulo",5,100.0,-23.6830194,-46.5922176,30,0
3740743,10507,58747692000116,Sup Vila Rica Plus Ltda,Arcos,Diadema,"Rua Luiz De Vasconcelos, 127, Jardim Marilen, Diadema, São Paulo",36,705.0,-23.68611,-46.62278,30,0
3738443,182603,61274247000190,Mazzaferro Ind. Com. Prod. Pesca S/A,Nenhum,Diadema,"Avenida Fundibem, S/N, Jardim Casa Grande, Diadema, São Paulo",6,120.0,-23.7035411,-46.5949433,30,0
3740823,10708,04153386000122,Marcelo Urzedo De Oliveira Eldorado Epp,Nenhum,Eldorado,"Avenida Caraita, 194, Centro, Eldorado, São Paulo",45,900.0,-24.52,-48.10806,30,0
3740894,207656,14785196000181,Izabel Dos Santos Pontes Varejista De Al,Nenhum,Eldorado,"Rua Dr. Nuno Silva, 220, Centro, Eldorado, São Paulo",5,95.0,-24.52,-48.10806,30,0
3740717,203432,34639727000135,Michel Richard Magalhaes Fragoso,Nenhum,Embu das Artes,"Rua Orlandia, 47, Parque Luiza, Embu Das Artes, São Paulo",7,140.0,-23.64889,-46.85222,30,0
3740930,205754,44747898000131,Mg Supermercado Ltda,Nenhum,Embu-Guaçu,"Rua Emilia Pires, 365, Centro, Embu-Guaçu, São Paulo",50,1000.0,-23.8294539,-46.8169557,30,0
3740689,215671,01444210001537,Comercio De Alimentos Alves E Farias Ltd,Rede Parana,Ferraz de Vasconcelos,"Rua Otavio Rodrigues Barbosa, 219, Vila Romanopolis, Ferraz De Vasconcelos, São Paulo",98,1920.0,-23.541155,-46.365145,30,0
3740562,192266,17178798000169,Merc.E Açougue Soberano Ltda,Nenhum,Ferraz de Vasconcelos,"Avenida Vinicius De Moraes, 143, Vila Sao Paulo, Ferraz De Vasconcelos, São Paulo",6,120.0,-23.5578807,-46.3669865,30,0
3740715,187255,50948371001140,Irmãos Boa Ltda,Irmãos Boa,Francisco Morato,"Rua Demerson Gomes Romano, 386, Centro, Francisco Morato, São Paulo",15,300.0,-23.2868804,-46.7419955,30,0
3740337,209311,11813940000116,Girassol Servicos De Alimentacao Ltda,Nenhum,Franco da Rocha,"Estrada Governo, Do, S/N, Pouso Alegre, Franco Da Rocha, São Paulo",25,500.0,-23.3344663,-46.7254136,30,0
3740331,6708,00859326000179,G.M.Omine Quitandão Ltda -  Epp,Nenhum,Guarujá,"Rua Bandeirantes, 605, João B.Julião, Guarujá, São Paulo",10,200.0,-23.9830219,-46.2060406,30,0
3740633,191599,18021688000151,Mercearia D.A. Bastos - Eireli - Me,Nenhum,Guarujá,"Rua Antonio Baracal, 561, Morrinhos I, Guarujá, São Paulo",5,100.0,-23.9611553,-46.2525505,30,0
3740456,199509,21010503001351,Centro De Distrib. Rede Krill Ltda,Krill,Guarujá,"Avenida Santos Dumont, 1503, Sitio Paecara (Vicente De Carv, Guarujá, São Paulo",8,160.0,-23.9540438,-46.2912372,30,0
3740391,199510,21010503001947,Centro De Distribuição Rede Krill Ltda,Krill,Guarujá,"Avenida Dos Caicaras, 1682, Jardim Las Palmas, Guarujá, São Paulo",3,60.0,-23.9999291,-46.273905,30,0
3740465,199510,21010503001947,Centro De Distribuição Rede Krill Ltda,Krill,Guarujá,"Avenida Dos Caicaras, 1682, Jardim Las Palmas, Guarujá, São Paulo",10,200.0,-23.9999291,-46.273905,30,0
3740482,209096,43391097000113,F Dos Santos Freire,Nenhum,Guarujá,"Avenida Tancredo Neves, 1041, Cachoeira, Guarujá, São Paulo",12,240.0,-23.99306,-46.25639,30,0
3740595,13947,49187917000136,Restaurante Bambuzal Ltda-Epp,Nenhum,Guarujá,"Rua Cav Nami Jafet, 145, Centro, Guarujá, São Paulo",5,100.0,-23.99306,-46.25639,30,0
3741048,802,01444210000131,Comercio De Alimentos Alves E Farias Ltd,Rede Parana,GUARULHOS,"Rua Osvaldo Ramos, 100, Parque Mikail, Guarulhos, São Paulo",72,1405.0,-23.46278,-46.53333,30,0
3740584,191714,04152923000110,José Maria Soares Da Silva,Nenhum,GUARULHOS,"Rua Campina Grande Do Sul, 237, Jardim Centenario, Guarulhos, São Paulo",15,300.0,-23.46278,-46.53333,30,0
3740516,12194,05218394000172,Integral Alimentação Com.E Serviços Ltda,Nenhum,Guarulhos,"Rua Luis Vaz De Camoes, 177, Cumbica, Guarulhos, São Paulo",1,20.0,-23.46667,-46.46667,30,0
3740927,14108,08413116000164,Patricia De Aguiar Silva Ltda Me,Nenhum,Guarulhos,"Avenida Manoel Isidoro Martins, 1084, Cidade Martins, Guarulhos, São Paulo",5,100.0,-23.43149,-46.51214,30,0
3740394,190014,09116528000103,Mini Mercado Ibirapuera Eireli Me,Nenhum,Guarulhos,"Rua Ibirapuera, 20, Parque Jurema, Guarulhos, São Paulo",3,60.0,-23.4465622,-46.4110879,30,0
3740574,181657,13759045000196,Vila Zaira Hortifruti Ltda,Rede Sitio Verde,Guarulhos,"Avenida Onze De Agosto, 256, Jd. Zaira, Guarulhos, São Paulo",8,155.0,-23.4644112,-46.5364085,30,0
3740491,190081,13759045000358,Vila Zaira Hortifruti Ltda,Rede Sitio Verde,Guarulhos,"Avenida Salgado Filho, 1536, Centro, Guarulhos, São Paulo",2,40.0,-23.4598137,-46.5328666,30,0
3740492,190081,13759045000358,Vila Zaira Hortifruti Ltda,Rede Sitio Verde,Guarulhos,"Avenida Salgado Filho, 1536, Centro, Guarulhos, São Paulo",5,100.0,-23.4598137,-46.5328666,30,0
3740493,190081,13759045000358,Vila Zaira Hortifruti Ltda,Rede Sitio Verde,Guarulhos,"Avenida Salgado Filho, 1536, Centro, Guarulhos, São Paulo",3,55.0,-23.4598137,-46.5328666,30,0
3740490,214253,13759045000609,Vila Zaira Hortifruti Ltda,Rede Sitio Verde,Guarulhos,"Rua Constancio Colalilo, 630, Vila Augusta, Guarulhos, São Paulo",6,110.0,-23.4830382,-46.539254,30,0
3740621,190174,17793656000101,Nova Montalegre Eireli Me,Gonçalves Barroso,GUARULHOS,"Avenida Professor José Munhoz, 685, Jardim Munhoz, Guarulhos, São Paulo",7,140.0,-23.46278,-46.53333,30,0
3740612,205679,26422161000167,Espetinhos Do Mineiro Comercio Ltda,Nenhum,GUARULHOS,"Rua Holandesa, 150, Cidade Jardim Cumbica (Jardim, Guarulhos, São Paulo",3,60.0,-23.46278,-46.53333,30,0
3740486,197521,31908033000168,Bg Leste Alimentos Ltda,Nenhum,GUARULHOS,"Rodovia Ayrton Senna Da Silva, Sn, Vila Anny, Guarulhos, São Paulo",11,220.0,-23.46278,-46.53333,30,0
3740971,210933,47335097000823,Superboi Comercio De Carnes Ltda,Rede Estoril,Guarulhos,"Rua Louveira, 541, Jardim Marilena, Guarulhos, São Paulo",6,120.0,-23.423113,-46.4937482,30,0
3740169,209744,49120337000121,49.120.337 Roselaine Barbosa Caraca,Nenhum,Guarulhos,"Avenida Atalaia Do Norte, 527, Jardim Cumbica (Jardim Preside, Guarulhos, São Paulo",3,60.0,-23.4525325,-46.4413987,30,0
3740980,210770,50273744000158,50.273.744 Jardiel Da Silva Barbosa,Nenhum,Guarulhos,"Rua Nossa Senhora Aparecida, 31, Vila Das Malvinas, Guarulhos, São Paulo",9,180.0,-23.4595654,-46.5081069,30,0
3740842,213397,55417128000147,Gf Alimentos Ltda,Nenhum,GUARULHOS,"Rua Rodrigo Fernandes, Lt 21, Jd. Santa Paula, Guarulhos, São Paulo",5,100.0,-23.46278,-46.53333,30,0
3740833,12000,56311970000162,Paulo Nakada Guarulhos-Epp,Nenhum,Guarulhos,"Rua Lagoa Seca, 660, Jardim Triunfo, Guarulhos, São Paulo",5,100.0,-23.41433,-46.4037699,30,0
3740747,214940,58284814000185,Familia Ii Supermercado Ltda,Nenhum,Guarulhos,"Praça Nossa Senhora Aparecida, 275, Jardim Vila Galvao, Guarulhos, São Paulo",10,200.0,-23.4661663,-46.5594452,30,0
3740762,215285,59476330000109,Frango X Rotisseria Ltda,Nenhum,Guarulhos,"Rua Conego Valadao, 1143, Gopouva, Guarulhos, São Paulo",12,216.0,-23.4737032,-46.5448854,30,0
3740474,199002,62220637000140,Centro Esp. Nosso Lar C. André Luiz,Nenhum,Guarulhos,"Avenida Andre Luis, 723, Picanco, Guarulhos, São Paulo",8,160.0,-23.4390401,-46.5454237,30,0
3739121,204268,15724330000105,Bomgosto Alimentação Ltda,Nenhum,Holambra,"Rua Jaguariuna, 644, Distr.Industrial, Holambra, São Paulo",16,320.0,-22.63306,-47.05556,30,0
3740197,194202,10900904000127,Salt Pie Ind.Com.Prod.Alim. Ltda,Nenhum,Hortolândia,"Rua Um, 510, Parque Do Horto, Hortolândia, São Paulo",12,240.0,-22.8535255,-47.1982364,30,0
3739439,213532,19073771000307,Comercialw Com.Produtos Para Restaurante,Nenhum,Hortolândia,"Rua Perola, 350, Jardim Santa Esmeralda, Hortolândia, São Paulo",210,2026.5,-22.9074245,-47.1945135,30,0
3740801,205533,40131676000562,Comercial Benz Eireli,Nenhum,Ibiúna,"Avenida Nossa Senhora Do Carmo, 2058, Carmo Messias, Ibiúna, São Paulo",19,380.0,-23.741308,-47.0546442,30,0
3740232,13376,07626424000105,Vieira E Lara Supermercado Ltda,Nenhum,Iguape,"Avenida Capitão Julio Franco, 390, Rocio, Iguape, São Paulo",12,235.0,-24.70806,-47.55528,30,0
3740909,202957,07051513000170,Açougue Nova Vida Indaia Ltda,Nenhum,Indaiatuba,"Rua Seraphin Gilberto Candello, 1519, Jd Sao Conrado, Indaiatuba, São Paulo",7,140.0,-23.08842,-47.2119,30,0
3740960,208031,37111008000135,Miranda & Miranda Supermercado Ltda,Nenhum,Indaiatuba,"Rua Carlos Sthal, 18, Residencial Monte Verde, Indaiatuba, São Paulo",7,140.0,-23.1047535,-47.2338758,30,0
3740956,208037,44634538000123,J.R.M Super Comercial De Alimentos Ltda,Nenhum,Indaiatuba,"Rua Theodoro Mantoanelli, 52, Itaici, Indaiatuba, São Paulo",7,140.0,-23.1070653,-47.182188,30,0
3740955,208036,44634928000101,J.R.M Comercio De Produtos Alimenticios ,Nenhum,Indaiatuba,"Rua Remulo Zoppi, 505, Vila Georgina I, Indaiatuba, São Paulo",10,200.0,-23.0785522,-47.2069032,30,0
3740957,208035,44635150000147,Jrm Comercial De Alimentos Ltda,Nenhum,Indaiatuba,"Rua Indaias, Dos, 918, Santa Cruz, Indaiatuba, São Paulo",7,140.0,-23.08842,-47.2119,30,0
3740259,201022,03951495000122,Mercado Ponto X Itanhaem Eireli,Nenhum,Itanhaém,"Avenida Goncalo Monteiro, 625, Cibratel Ii, Itanhaém, São Paulo",6,115.0,-24.2026378,-46.835336,30,0
3740329,177692,05110816000191,Carlos Eduardo Kirsten Sanches - Me,Nenhum,Itanhaém,"Rua Joao Mariano Ferreira, 164, Centro, Itanhaém, São Paulo",16,320.0,-24.18306,-46.78889,30,0
3740330,177692,05110816000191,Carlos Eduardo Kirsten Sanches - Me,Nenhum,Itanhaém,"Rua Joao Mariano Ferreira, 164, Centro, Itanhaém, São Paulo",1,20.0,-24.18306,-46.78889,30,0
3740375,199485,21010503001009,Centro De Distrib. Rede Krill Ltda,Krill,Itanhaém,"Rua Dos Fundadores, 463, Praia Do Sonho, Itanhaém, São Paulo",3,60.0,-24.18306,-46.78889,30,0
3740531,12038,00063960004945,Wal Mart Do Brasil Ltda,Sam`S,Itapecerica da Serra,"Rodovia Regis Bitencourt Km 293,5, S/N, Potupeva, Itapecerica Da Serra, São Paulo",74,1460.0,-23.71694,-46.84917,30,0
3740669,9535,06263725000159,T.F.Miranda Mercado - Me,Nenhum,Itapecerica da Serra,"Avenida Maranhao, 235, Parque Paraíso, Itapecerica Da Serra, São Paulo",15,275.0,-23.7106842,-46.8581897,30,0
3740961,195459,18372024000137,Casa De Carnes Charlotte Ltda,Maria Cida,Itapecerica da Serra,"Rua Nicola Felice, 36, Parque Paraiso, Itapecerica Da Serra, São Paulo",1,20.0,-23.71694,-46.84917,30,0
3740537,203447,46112942000162,R.S.Bueno & Cia Ltda,Nenhum,Itapetininga,"Avenida Wenceslau Braz, 640, Vila Popular, Itapetininga, São Paulo",14,280.0,-23.563419,-48.0152876,30,0
3740538,203393,46112942000243,R S Bueno & Cia Ltda,Nenhum,Itapetininga,"Rua Ary De Almeida, 71, Cambui, Itapetininga, São Paulo",11,210.0,-23.59167,-48.05306,30,0
3740647,193007,01444210000999,Comercio De Alimentos Alves E Farias Ltd,Rede Parana,Itapevi,"Rua Magali Wassel, 25, Jardim Itacolomi, Itapevi, São Paulo",94,1850.0,-23.54889,-46.93417,30,0
3740671,194615,01444210001103,Comercio De Alimentos Alves E Farias Ltd,Rede Parana,Itapevi,"Rodovia Engenheiro Rene Benedito Da Silva, 668, Sao Joao, Itapevi, São Paulo",7,130.0,-23.54889,-46.93417,30,0
3740196,13733,45543915008247,Carrefour Comercio E Industria Ltda,Carrefour,Itapevi,"Rodovia Presidente Castelo Branco Km 33, Sn, Itaqui, Itapevi, São Paulo",35,700.0,-23.54889,-46.93417,30,0
3740198,13733,45543915008247,Carrefour Comercio E Industria Ltda,Carrefour,Itapevi,"Rodovia Presidente Castelo Branco Km 33, Sn, Itaqui, Itapevi, São Paulo",250,5000.0,-23.54889,-46.93417,30,0
3740203,13733,45543915008247,Carrefour Comercio E Industria Ltda,Carrefour,Itapevi,"Rodovia Presidente Castelo Branco Km 33, Sn, Itaqui, Itapevi, São Paulo",360,7200.0,-23.54889,-46.93417,30,0
3740204,13733,45543915008247,Carrefour Comercio E Industria Ltda,Carrefour,Itapevi,"Rodovia Presidente Castelo Branco Km 33, Sn, Itaqui, Itapevi, São Paulo",67,1005.0,-23.54889,-46.93417,30,0
3740736,214391,57096481000106,57.096.481 Rodrigo Oliveira De Sousa,Nenhum,Itapevi,"Rua Benedito Araujo Novaes, 552, Jardim Paulista, Itapevi, São Paulo",9,180.0,-23.5539135,-46.9384916,30,0
3740468,192324,07732866000136,Antonelli Supermercado Ltda,Antonelli,Itapira,"Rua Soldado Constitucionalista, 54, Jardim Soares, Itapira, São Paulo",12,264.0,-22.43611,-46.82167,30,0
3740357,197502,32162092000100,Bg Norte Alimentos Ltda,Nenhum,Itaquaquecetuba,"Rodovia Ayrton Senna Da Silva, Sn, Jardim Maria Eliza, Itaquaquecetuba, São Paulo",7,140.0,-23.48611,-46.34833,30,0
3740291,10855,73053498000124,Erenito Comercio De Pastel Ltda,Nenhum,Itaquaquecetuba,"Rua Cana Verde, 110, Jardim Silvestre, Itaquaquecetuba, São Paulo",3,60.0,-23.48611,-46.34833,30,0
3740214,204885,28021619000363,Mix Vali Com. De Produtos Alimenticios L,Asp,Itatiba,"Rua Iolanda Latorre Cascaldi, 40, Loteamento Parque Dos Canarios, Itatiba, São Paulo",27,540.0,-23.00583,-46.83889,30,0
3740649,3416,02862774000157,Zeus Bar E Restaurante Ltda Ltda,Nenhum,Itu,"Avenida Doutor Ermilindo Maffei, 1199, Sao Luiz, Itu, São Paulo",3,60.0,-23.26417,-47.29917,30,0
3740652,5319,04202752000196,Churrascaria E Pizzaria Ituana Ltda Epp,Nenhum,Itu,"Avenida Nove De Julho, 600, Vila Padre Bento, Itu, São Paulo",14,260.0,-23.2558383,-47.3125982,30,0
3740519,9522,04306951000144,Jorge Nilson Schemer Me,Nenhum,Itu,"Rua Andradina, 178, Cidade Nova I, Itu, São Paulo",6,120.0,-23.26417,-47.29917,30,0
3740763,5484,04728243000100,Claudemir De Mattos Balarote - Me,Nenhum,Itu,"Rua Maestro Ezequias Nardy, 39, Jd. Padre Bento, Itu, São Paulo",5,100.0,-23.26417,-47.29917,30,0
3740663,12942,08681896000123,Anas Feriozzi Restaurante Ltda,Nenhum,Itu,"Avenida Doutor Ermelindo Maffei, 1199, Sao Luiz, Itu, São Paulo",4,80.0,-23.2642243,-47.280937,30,0
3740667,192848,10527727000185,Schneider & Coinaski Ltda - Me,Nenhum,Itu,"Avenida Dr. Ermelindo Maffei, 734, Sao Luiz, Itu, São Paulo",6,120.0,-23.2645744,-47.2828289,30,0
3740015,192727,11114172000102,Venturine & Lui Ltda - Epp,Nenhum,Itu,"Rua Cristovao Diniz, 599, Jardim Do Estadio, Itu, São Paulo",3,60.0,-23.2825872,-47.2874574,30,0
3740581,189096,17016832000107,American Steak Ltda,Nenhum,Itu,"Rua Antonio Joaquim Leme, 02, Vila Prudente De Moraes, Itu, São Paulo",8,150.0,-23.285001,-47.2893848,30,0
3740512,191282,17114475000101,L.F.Duarte & Cia Ltda - Me,Nenhum,Itu,"Rua Hamleto Menquini, 41, Parque Res.Potiguara, Itu, São Paulo",12,240.0,-23.26417,-47.29917,30,0
3740615,202975,22341181000152,Carnes Nobres Rancho Grande Ltda,Nenhum,Itu,"Rua Antonio Joaquim Leme, 2, Vila Prudente De Moraes, Itu, São Paulo",5,93.0,-23.285001,-47.2893848,30,0
3740228,191873,22938855000109,Restaurante E Pizzaria Meninos Ltda,Nenhum,Itu,"Praça Da Independencia, 218, Centro, Itu, São Paulo",3,60.0,-23.2657287,-47.2974244,30,0
3740895,202727,37021479000152,G.V. Comercio De Alimentos Ltda,Nenhum,Itu,"Rua Francisco Toscano, 10, Parque Das Rosas, Itu, São Paulo",5,100.0,-23.2798294,-47.298724,30,0
3740014,208053,49517627000103,Restaurante Lui E Venturine Ltda,Nenhum,Itu,"Rua Marcia Pierroni, 78, Itu Novo Centro, Itu, São Paulo",3,60.0,-23.26417,-47.29917,30,0
3740215,211173,50381074000193,Acougue Ceara Cortes Ltda,Nenhum,Itu,"Rua Doutor Eugenio Da Fonseca, 383, Jardim Aeroporto I, Itu, São Paulo",4,80.0,-23.26417,-47.29917,30,0
3740219,7702,52912854000148,Casa De Carnes Do Nelo Ltda,Nenhum,Itu,"Rua A Esquina Com Alameda Alice, 127, Jardim Convenção, Itu, São Paulo",22,432.0,-23.26417,-47.29917,30,0
3740818,10478,56786452000286,Supermercado Alvorada De Itu Ltda,Alvorada,Itu,"Rua Adelio Pazinatto, 251, Jardim Aeroporto I, Itu, São Paulo",12,240.0,-23.26417,-47.29917,30,0
3740775,1211,96584404000149,J.C.A. Mendes E Cia Ltda - Me,Nenhum,Itu,"Praça Da Independencia, 31, Centro, Itu, São Paulo",3,60.0,-23.2646325,-47.2972233,30,0
3740368,203961,06335956000120,Mercado Santa Eliza Ltda,Nenhum,Itupeva,"Rodovia Mario Tonoli, 177, Est.Hidro Mineral Santa Eliza, Itupeva, São Paulo",7,140.0,-23.15306,-47.05778,30,0
3740939,10162,07013199000131,Sup. E Restaurante Jva Eireli,Monte Serrat,Itupeva,"Praça São Paulo, 97, Centro, Itupeva, São Paulo",12,240.0,-23.1521891,-47.0570231,30,0
3740940,12905,07013199000212,Sup. E Restaurante Jva Eirelli,Monte Serrat,Itupeva,"Rua João Sabio Gonçalves, 132, Jardim Ana Luiza, Itupeva, São Paulo",24,475.0,-23.1582683,-47.0422031,30,0
3740582,200602,07751737000195,Gipa Cozinha Industrial Ltda,Nenhum,Itupeva,"Rua Prefeito Jose Carlos, 962, Jd Santa Julia, Itupeva, São Paulo",3,60.0,-23.1553979,-47.046005,30,0
3740552,196663,17322763000232,Mercado União De Itupeva Ltda,Nenhum,Itupeva,"Rua Alfredo Carlos Sao Jose, 47, Jd Europa, Itupeva, São Paulo",9,180.0,-23.15306,-47.05778,30,0
3740523,205561,17322763000313,Mercado Uniao De Itupeva Ltda,Nenhum,Itupeva,"Rua Alexandrina Mathias De Oliveira, 77, Parque Das Hortensias, Itupeva, São Paulo",10,185.0,-23.15306,-47.05778,30,0
3740573,213091,17322763000585,Mercado Uniao De Itupeva Ltda,Nenhum,Itupeva,"Rua Santa Clara, 175, Residencial Santo Antonio, Itupeva, São Paulo",4,80.0,-23.1624922,-47.0454896,30,0
3740711,204939,50974732000908,Cooperativa De Consumo Coopercica,Coopercica,Itupeva,"Avenida Jose Tonoli, 336, Centro, Itupeva, São Paulo",66,1270.0,-23.15306,-47.05778,30,0
3739349,195797,61233151003108,Covabra Supermercados Ltda,Covabra,Itupeva,"Rua Rua Jundiai, 380, Jardim Primavera, Itupeva, São Paulo",33,640.0,-23.1548565,-47.0544653,30,0
