Veículo,Sequencia,Node_Index_OR,Pedido_Index_DF,ID Pedido,Cliente,Endereço,Demanda,Carga_Acumulada,Região,Latitude,Longitude,Alocacao_Restrita,Janela Início,Janela Fim,Data_Roteirizacao,Hora_Roteirizacao
HEK9823,1,75,74,3740989,N/A,N/A,80,0,Carapicuíba,-23.5340401,-46.8534601,,05:00,18:00,2025-05-16,01:27:05
CUF8A69,2,107,106,3740562,N/A,N/A,120,80,Ferraz De Vasconcelos,-23.5578807,-46.3669865,,05:00,18:00,2025-05-16,01:27:05
CZP2057,3,29,28,3740393,N/A,N/A,60,200,Bertioga,-23.8376018,-46.1298621,,05:00,18:00,2025-05-16,01:27:05
EFW2915,4,110,109,3740331,N/A,N/A,200,260,Guarujá,-23.9830219,-46.2060406,,05:00,18:00,2025-05-16,01:27:05
,5,675,674,3740515,N/A,N/A,40,460,Zona Norte - São Paulo,-22.82194,-47.26694,True,05:00,18:00,2025-05-16,01:27:05
,6,579,578,3740460,N/A,N/A,20,500,Zona Oeste - São Paulo,-23.5582442,-46.6508379,True,05:00,18:00,2025-05-16,01:27:05
,7,537,536,3740978,N/A,N/A,2000,520,Zona Norte - São Paulo,-23.4669058,-46.5811562,True,05:00,18:00,2025-05-16,01:27:05
DPE5057,8,173,172,3740667,N/A,N/A,120,2520,Itu,-23.2645744,-47.2828289,,05:00,18:00,2025-05-16,01:27:05
FCC1291,1,129,128,3740486,N/A,N/A,220,0,Guarulhos,-23.46278,-46.53333,,05:00,18:00,2025-05-16,01:27:05
HEK9823,2,76,75,3740438,N/A,N/A,100,220,Carapicuíba,-23.52272,-46.835,,05:00,18:00,2025-05-16,01:27:05
FCC1291,3,126,125,3740490,N/A,N/A,110,320,Guarulhos,-23.4830382,-46.539254,,05:00,18:00,2025-05-16,01:27:05
FOC8B49,4,96,95,3740835,N/A,N/A,440,430,Diadema,-23.6992148,-46.6104069,,05:00,18:00,2025-05-16,01:27:05
EFW2915,5,114,113,3740465,N/A,N/A,200,870,Guarujá,-23.9999291,-46.273905,,05:00,18:00,2025-05-16,01:27:05
CZP2057,6,31,30,3740389,N/A,N/A,60,1070,Bertioga,-23.85444,-46.13861,,05:00,18:00,2025-05-16,01:27:05
CZP2057,7,32,31,3740463,N/A,N/A,500,1130,Bertioga,-23.85444,-46.13861,,05:00,18:00,2025-05-16,01:27:05
ELW8912,8,150,149,3740330,N/A,N/A,20,1630,Itanhaém,-24.18306,-46.78889,,05:00,18:00,2025-05-16,01:27:05
CUD1371,9,67,66,3740382,N/A,N/A,130,1650,Cananéia,-25.0069457,-47.9313292,,05:00,18:00,2025-05-16,01:27:05
CUD1371,10,65,64,3740603,N/A,N/A,205,1780,Cananéia,-25.0069457,-47.9313292,,05:00,18:00,2025-05-16,01:27:05
CUD1371,11,66,65,3740759,N/A,N/A,120,1985,Cananéia,-24.97232,-47.94529,,05:00,18:00,2025-05-16,01:27:05
GDB4366,12,103,102,3740894,N/A,N/A,95,2105,Eldorado,-24.52,-48.10806,,05:00,18:00,2025-05-16,01:27:05
DJC8783,1,19,18,3740765,N/A,N/A,100,0,Barueri,-23.5025874,-46.8674979,,05:00,18:00,2025-05-16,01:27:05
EFW2915,2,115,114,3740482,N/A,N/A,240,100,Guarujá,-23.99306,-46.25639,,05:00,18:00,2025-05-16,01:27:05
OJH3B65,3,95,94,3740464,N/A,N/A,300,340,Cubatão,-23.895,-46.42528,,05:00,18:00,2025-05-16,01:27:05
EFW2915,4,111,110,3740633,N/A,N/A,100,640,Guarujá,-23.9611553,-46.2525505,,05:00,18:00,2025-05-16,01:27:05
DJC8783,5,27,26,3740748,N/A,N/A,140,740,Barueri,-23.51056,-46.87611,,05:00,18:00,2025-05-16,01:27:05
FCC1291,6,135,134,3740747,N/A,N/A,200,880,Guarulhos,-23.4661663,-46.5594452,,05:00,18:00,2025-05-16,01:27:05
,7,89,88,3740225,N/A,N/A,60,1080,Cotia,-23.5959976,-46.8511558,True,05:00,18:00,2025-05-16,01:27:05
GBA2B81,8,104,103,3740717,N/A,N/A,140,1140,Embu Das Artes,-23.64889,-46.85222,,05:00,18:00,2025-05-16,01:27:05
FQC0E26,9,78,77,3740661,N/A,N/A,280,1280,Cotia,-23.598486,-46.8560025,,05:00,18:00,2025-05-16,01:27:05
,10,159,158,3740196,N/A,N/A,700,1560,Itapevi,-23.54889,-46.93417,True,05:00,18:00,2025-05-16,01:27:05
FTA0472,11,47,46,3740437,N/A,N/A,90,2260,Cabreúva,-23.3069129,-47.1334429,,05:00,18:00,2025-05-16,01:27:05
DJC8783,1,18,17,3740646,N/A,N/A,360,0,Barueri,-23.51056,-46.87611,,05:00,18:00,2025-05-16,01:27:05
FCC1291,2,128,127,3740612,N/A,N/A,60,360,Guarulhos,-23.46278,-46.53333,,05:00,18:00,2025-05-16,01:27:05
HEK9823,3,72,71,3740744,N/A,N/A,160,420,Carapicuíba,-23.5564628,-46.8342566,,05:00,18:00,2025-05-16,01:27:05
GDB4366,4,102,101,3740823,N/A,N/A,900,580,Eldorado,-24.52,-48.10806,,05:00,18:00,2025-05-16,01:27:05
ETR3620,5,53,52,3740518,N/A,N/A,160,1480,Cajati,-24.7333484,-48.1094422,,05:00,18:00,2025-05-16,01:27:05
ELW8912,6,148,147,3740259,N/A,N/A,115,1640,Itanhaém,-24.2026378,-46.835336,,05:00,18:00,2025-05-16,01:27:05
ETR3620,7,57,56,3740239,N/A,N/A,160,1755,Cajati,-24.7285814,-48.1171308,,05:00,18:00,2025-05-16,01:27:05
ETR3620,8,56,55,3740758,N/A,N/A,240,1915,Cajati,-24.73611,-48.12278,,05:00,18:00,2025-05-16,01:27:05
ETR3620,9,55,54,3740240,N/A,N/A,300,2155,Cajati,-24.7404227,-48.121226,,05:00,18:00,2025-05-16,01:27:05
,10,153,152,3740669,N/A,N/A,275,2455,Itapecerica Da Serra,-23.7106842,-46.8581897,True,05:00,18:00,2025-05-16,01:27:05
,11,79,78,3740506,N/A,N/A,20,2730,Cotia,-23.60389,-46.91917,True,05:00,18:00,2025-05-16,01:27:05
,12,158,157,3740671,N/A,N/A,130,2750,Itapevi,-23.54889,-46.93417,True,05:00,18:00,2025-05-16,01:27:05
FTA0472,13,41,40,3740521,N/A,N/A,100,2880,Cabreúva,-23.3086055,-47.1295799,,05:00,18:00,2025-05-16,01:27:05
DJC8783,1,28,27,3740119,N/A,N/A,320,0,Barueri,-23.51056,-46.87611,,05:00,18:00,2025-05-16,01:27:05
FCC1291,2,131,130,3740169,N/A,N/A,60,320,Guarulhos,-23.4525325,-46.4413987,,05:00,18:00,2025-05-16,01:27:05
EVE2J18,3,70,69,3740987,N/A,N/A,275,380,Caraguatatuba,-23.6946544,-45.4422191,,05:00,18:00,2025-05-16,01:27:05
EVE2J18,4,69,68,3740816,N/A,N/A,120,655,Caraguatatuba,-23.6946544,-45.4422191,,05:00,18:00,2025-05-16,01:27:05
EJW3C69,5,194,193,3740206,N/A,N/A,60,775,Jacareí,-23.2639515,-45.9453678,,05:00,18:00,2025-05-16,01:27:05
FGE2H99,6,9,8,3740659,N/A,N/A,120,835,Atibaia,-23.2058183,-46.5886085,,05:00,18:00,2025-05-16,01:27:05
,7,37,36,3740342,N/A,N/A,280,955,Bom Jesus Dos Perdões,-23.135,-46.46528,True,05:00,18:00,2025-05-16,01:27:05
,8,38,37,3740589,N/A,N/A,70,1235,Bom Jesus Dos Perdões,-23.135,-46.46528,True,05:00,18:00,2025-05-16,01:27:05
FGE2H99,9,6,5,3740625,N/A,N/A,120,1305,Atibaia,-23.1129611,-46.5554752,,05:00,18:00,2025-05-16,01:27:05
FGE2H99,10,4,3,3740637,N/A,N/A,120,1425,Atibaia,-23.1132246,-46.5569782,,05:00,18:00,2025-05-16,01:27:05
FCC1291,11,124,123,3740492,N/A,N/A,100,1545,Guarulhos,-23.4598137,-46.5328666,,05:00,18:00,2025-05-16,01:27:05
HEK9823,12,73,72,3740963,N/A,N/A,300,1645,Carapicuíba,-23.52272,-46.835,,05:00,18:00,2025-05-16,01:27:05
FCC1291,13,132,131,3740980,N/A,N/A,180,1945,Guarulhos,-23.4595654,-46.5081069,,05:00,18:00,2025-05-16,01:27:05
DJC8783,14,21,20,3740397,N/A,N/A,240,2125,Barueri,-23.5055776,-46.8092969,,05:00,18:00,2025-05-16,01:27:05
CUF8A69,15,106,105,3740689,N/A,N/A,1920,2365,Ferraz De Vasconcelos,-23.541155,-46.365145,,05:00,18:00,2025-05-16,01:27:05
OJH3B65,16,93,92,3740455,N/A,N/A,500,4285,Cubatão,-23.895,-46.42528,,05:00,18:00,2025-05-16,01:27:05
FCC1291,17,122,121,3740574,N/A,N/A,155,4785,Guarulhos,-23.4644112,-46.5364085,,05:00,18:00,2025-05-16,01:27:05
DJC8783,18,24,23,3740554,N/A,N/A,215,4940,Barueri,-23.5011283,-46.8754334,,05:00,18:00,2025-05-16,01:27:05
FCC1291,1,118,117,3740584,N/A,N/A,300,0,Guarulhos,-23.46278,-46.53333,,05:00,18:00,2025-05-16,01:27:05
DJC8783,2,23,22,3740999,N/A,N/A,100,300,Barueri,-23.4831217,-46.8053765,,05:00,18:00,2025-05-16,01:27:05
FCC1291,3,125,124,3740493,N/A,N/A,55,400,Guarulhos,-23.4598137,-46.5328666,,05:00,18:00,2025-05-16,01:27:05
FQC0E26,4,83,82,3740921,N/A,N/A,140,455,Cotia,-23.5920398,-46.8348449,,05:00,18:00,2025-05-16,01:27:05
,5,154,153,3740961,N/A,N/A,20,595,Itapecerica Da Serra,-23.71694,-46.84917,True,05:00,18:00,2025-05-16,01:27:05
FQC0E26,6,90,89,3740565,N/A,N/A,220,615,Cotia,-23.5977232,-46.8415226,,05:00,18:00,2025-05-16,01:27:05
,7,152,151,3740531,N/A,N/A,1460,835,Itapecerica Da Serra,-23.71694,-46.84917,True,05:00,18:00,2025-05-16,01:27:05
FQC0E26,8,87,86,3740799,N/A,N/A,280,2295,Cotia,-23.6176627,-46.9548532,,05:00,18:00,2025-05-16,01:27:05
,9,141,140,3740801,N/A,N/A,380,2575,Ibiúna,-23.741308,-47.0546442,True,05:00,18:00,2025-05-16,01:27:05
,10,81,80,3740285,N/A,N/A,60,2955,Cotia,-23.6277066,-46.9854168,True,05:00,18:00,2025-05-16,01:27:05
EXR6H84,11,105,104,3740930,N/A,N/A,1000,3015,Embu-Guaçu,-23.8294539,-46.8169557,,05:00,18:00,2025-05-16,01:27:05
FQC0E26,12,84,83,3740533,N/A,N/A,200,4015,Cotia,-23.6100182,-46.9327154,,05:00,18:00,2025-05-16,01:27:05
,13,162,161,3740204,N/A,N/A,1005,4215,Itapevi,-23.54889,-46.93417,True,05:00,18:00,2025-05-16,01:27:05
FCC1291,1,121,120,3740394,N/A,N/A,60,0,Guarulhos,-23.4465622,-46.4110879,,05:00,18:00,2025-05-16,01:27:05
,2,231,230,3739348,N/A,N/A,675,60,Jundiaí,-23.1825474,-46.9630509,True,05:00,18:00,2025-05-16,01:27:05
,3,229,228,3740365,N/A,N/A,145,735,Jundiaí,-23.1827765,-46.9008306,True,05:00,18:00,2025-05-16,01:27:05
,4,228,227,3740213,N/A,N/A,60,880,Jundiaí,-23.1994672,-46.8896937,True,05:00,18:00,2025-05-16,01:27:05
,5,227,226,3740706,N/A,N/A,1150,940,Jundiaí,-23.1451635,-46.9157263,True,05:00,18:00,2025-05-16,01:27:05
,6,226,225,3740707,N/A,N/A,690,2090,Jundiaí,-23.172492,-46.8916714,True,05:00,18:00,2025-05-16,01:27:05
,7,225,224,3740705,N/A,N/A,895,2780,Jundiaí,-23.18639,-46.88417,True,05:00,18:00,2025-05-16,01:27:05
,8,224,223,3740704,N/A,N/A,1030,3675,Jundiaí,-23.2054072,-46.8829113,True,05:00,18:00,2025-05-16,01:27:05
,9,223,222,3740733,N/A,N/A,300,4705,Jundiaí,-23.1450553,-46.9148271,True,05:00,18:00,2025-05-16,01:27:05
,10,222,221,3740732,N/A,N/A,180,5005,Jundiaí,-23.2119361,-46.8743426,True,05:00,18:00,2025-05-16,01:27:05
,11,221,220,3740723,N/A,N/A,115,5185,Jundiaí,-23.1865399,-46.8985646,True,05:00,18:00,2025-05-16,01:27:05
,12,220,219,3740722,N/A,N/A,100,5300,Jundiaí,-23.1971918,-46.8745837,True,05:00,18:00,2025-05-16,01:27:05
,13,219,218,3740721,N/A,N/A,100,5400,Jundiaí,-23.18639,-46.88417,True,05:00,18:00,2025-05-16,01:27:05
FUX1712,14,218,217,3740714,N/A,N/A,235,5500,Jundiaí,-23.2200889,-46.8790223,,05:00,18:00,2025-05-16,01:27:05
,15,217,216,3740712,N/A,N/A,100,5735,Jundiaí,-23.1837581,-46.9154477,True,05:00,18:00,2025-05-16,01:27:05
FUX1712,16,216,215,3740687,N/A,N/A,405,5835,Jundiaí,-23.1882135,-46.8563349,,05:00,18:00,2025-05-16,01:27:05
,17,215,214,3740686,N/A,N/A,120,6240,Jundiaí,-23.169235,-46.909441,True,05:00,18:00,2025-05-16,01:27:05
,18,214,213,3740338,N/A,N/A,75,6360,Jundiaí,-23.1793859,-46.9074326,True,05:00,18:00,2025-05-16,01:27:05
,19,213,212,3740325,N/A,N/A,55,6435,Jundiaí,-23.1766107,-46.8982122,True,05:00,18:00,2025-05-16,01:27:05
FUX1712,20,212,211,3740248,N/A,N/A,60,6490,Jundiaí,-23.18639,-46.88417,,05:00,18:00,2025-05-16,01:27:05
FUX1712,21,211,210,3740360,N/A,N/A,100,6550,Jundiaí,-23.2528178,-46.8532603,,05:00,18:00,2025-05-16,01:27:05
FUX1712,22,210,209,3740209,N/A,N/A,200,6650,Jundiaí,-23.2082009,-46.8664534,,05:00,18:00,2025-05-16,01:27:05
FUX1712,23,209,208,3740522,N/A,N/A,320,6850,Jundiaí,-23.2215932,-46.8624959,,05:00,18:00,2025-05-16,01:27:05
FUX1712,24,208,207,3740952,N/A,N/A,160,7170,Jundiaí,-23.1838238,-46.9281076,,05:00,18:00,2025-05-16,01:27:05
,25,207,206,3740949,N/A,N/A,140,7330,Jundiaí,-23.1796942,-46.9056674,True,05:00,18:00,2025-05-16,01:27:05
,26,206,205,3740943,N/A,N/A,320,7470,Jundiaí,-23.187837,-46.9845899,True,05:00,18:00,2025-05-16,01:27:05
EKH9G13,27,204,203,3740264,N/A,N/A,60,7790,Jarinu,-23.10139,-46.72833,,05:00,18:00,2025-05-16,01:27:05
FRO2630,28,203,202,3740347,N/A,N/A,260,7850,Jandira,-23.5275,-46.9025,,05:00,18:00,2025-05-16,01:27:05
FRO2630,29,202,201,3740400,N/A,N/A,300,8110,Jandira,-23.5359134,-46.9038554,,05:00,18:00,2025-05-16,01:27:05
FRO2630,30,201,200,3740672,N/A,N/A,360,8410,Jandira,-23.5266948,-46.8948766,,05:00,18:00,2025-05-16,01:27:05
EFV0G08,31,200,199,3740182,N/A,N/A,349,8770,Jaguariúna,-22.6830969,-46.9918713,,05:00,18:00,2025-05-16,01:27:05
EJW3C69,32,197,196,3740284,N/A,N/A,150,9119,Jacareí,-23.3038095,-45.9691587,,05:00,18:00,2025-05-16,01:27:05
FGE2H99,33,8,7,3740656,N/A,N/A,120,9269,Atibaia,-23.0445236,-46.5692836,,05:00,18:00,2025-05-16,01:27:05
FCC1291,34,117,116,3741048,N/A,N/A,1405,9389,Guarulhos,-23.46278,-46.53333,,05:00,18:00,2025-05-16,01:27:05
FTP7261,35,52,51,3740898,N/A,N/A,400,10794,Cajamar,-23.3362606,-46.8392834,,05:00,18:00,2025-05-16,01:27:05
DNE6G24,36,187,186,3740940,N/A,N/A,475,11194,Itupeva,-23.1582683,-47.0422031,,05:00,18:00,2025-05-16,01:27:05
,1,702,701,3740996,N/A,N/A,420,0,Votorantim,-23.54667,-47.43778,True,05:00,18:00,2025-05-16,01:27:05
,2,701,700,3740868,N/A,N/A,220,420,Votorantim,-23.5256865,-47.4414441,True,05:00,18:00,2025-05-16,01:27:05
,3,700,699,3740503,N/A,N/A,100,640,Votorantim,-23.5410259,-47.4665175,True,05:00,18:00,2025-05-16,01:27:05
,4,661,660,3740718,N/A,N/A,60,740,Sorocaba,-23.50167,-47.45806,True,05:00,18:00,2025-05-16,01:27:05
FCV5H06,5,262,261,3740451,N/A,N/A,160,800,Mongaguá,-24.09306,-46.62083,,05:00,18:00,2025-05-16,01:27:05
GJO1D33,6,260,259,3740314,N/A,N/A,355,960,Mogi Das Cruzes,-23.52278,-46.18833,,05:00,18:00,2025-05-16,01:27:05
GJO1D33,7,259,258,3740774,N/A,N/A,140,1315,Mogi Das Cruzes,-23.54629,-46.2499707,,05:00,18:00,2025-05-16,01:27:05
GJO1D33,8,258,257,3740674,N/A,N/A,1765,1455,Mogi Das Cruzes,-23.5453399,-46.2583235,,05:00,18:00,2025-05-16,01:27:05
CZC6A55,9,257,256,3740509,N/A,N/A,140,3220,Miracatu,-24.28139,-47.45972,,05:00,18:00,2025-05-16,01:27:05
CZC6A55,10,256,255,3740481,N/A,N/A,95,3360,Miracatu,-24.28139,-47.45972,,05:00,18:00,2025-05-16,01:27:05
EUA1D89,11,255,254,3740547,N/A,N/A,80,3455,Mauá,-23.6726791,-46.4503303,,05:00,18:00,2025-05-16,01:27:05
EUA1D89,12,254,253,3740367,N/A,N/A,140,3535,Mauá,-22.7321,-43.36924,,05:00,18:00,2025-05-16,01:27:05
EUA1D89,13,253,252,3740352,N/A,N/A,80,3675,Mauá,-22.7321,-43.36924,,05:00,18:00,2025-05-16,01:27:05
EUA1D89,14,252,251,3740641,N/A,N/A,800,3755,Mauá,-23.66778,-46.46139,,05:00,18:00,2025-05-16,01:27:05
EJW3F71,15,251,250,3740267,N/A,N/A,115,4555,Mairiporã,-23.31861,-46.58667,,05:00,18:00,2025-05-16,01:27:05
EJW3F71,16,250,249,3740752,N/A,N/A,80,4670,Mairiporã,-23.2613941,-46.5886899,,05:00,18:00,2025-05-16,01:27:05
EJW3F71,17,249,248,3740543,N/A,N/A,240,4750,Mairiporã,-23.24389,-46.55222,,05:00,18:00,2025-05-16,01:27:05
EJW3F71,18,248,247,3741015,N/A,N/A,200,4990,Mairiporã,-23.2885142,-46.6311519,,05:00,18:00,2025-05-16,01:27:05
EJW3F71,19,247,246,3740138,N/A,N/A,60,5190,Mairiporã,-23.2731589,-46.5904345,,05:00,18:00,2025-05-16,01:27:05
EJW3F71,20,246,245,3740614,N/A,N/A,420,5250,Mairiporã,-23.24389,-46.55222,,05:00,18:00,2025-05-16,01:27:05
,21,245,244,3740477,N/A,N/A,1850,5670,Louveira,-23.100585,-46.9781594,True,05:00,18:00,2025-05-16,01:27:05
,22,244,243,3740520,N/A,N/A,100,7520,Louveira,-23.08639,-46.95056,True,05:00,18:00,2025-05-16,01:27:05
,23,243,242,3740964,N/A,N/A,100,7620,Louveira,-23.08639,-46.95056,True,05:00,18:00,2025-05-16,01:27:05
,24,242,241,3740942,N/A,N/A,100,7720,Louveira,-23.0890985,-46.975001,True,05:00,18:00,2025-05-16,01:27:05
,25,241,240,3740596,N/A,N/A,180,7820,Louveira,-23.086188,-46.9817512,True,05:00,18:00,2025-05-16,01:27:05
BWJ8H97,26,240,239,3739357,N/A,N/A,375,8000,Limeira,-23.66389,-46.53833,,05:00,18:00,2025-05-16,01:27:05
BWJ8H97,27,239,238,3739333,N/A,N/A,310,8375,Limeira,-22.56472,-47.40167,,05:00,18:00,2025-05-16,01:27:05
EJW3F88,28,238,237,3739363,N/A,N/A,300,8685,Leme,-22.18556,-47.39028,,05:00,18:00,2025-05-16,01:27:05
EJW3F88,29,237,236,3739332,N/A,N/A,630,8985,Leme,-22.1852455,-47.3901636,,05:00,18:00,2025-05-16,01:27:05
FTL5H41,30,236,235,3740851,N/A,N/A,260,9615,Juquitiba,-23.93167,-47.06833,,05:00,18:00,2025-05-16,01:27:05
FTL5H41,31,235,234,3740847,N/A,N/A,255,9875,Juquitiba,-23.9333584,-47.0700715,,05:00,18:00,2025-05-16,01:27:05
HEX8I67,32,234,233,3740395,N/A,N/A,400,10130,Juquiá,-24.32083,-47.63472,,05:00,18:00,2025-05-16,01:27:05
HEX8I67,33,233,232,3740349,N/A,N/A,74,10530,Juquiá,-24.3152139,-47.6323946,,05:00,18:00,2025-05-16,01:27:05
,34,232,231,3740299,N/A,N/A,348,10604,Jundiaí,-23.18639,-46.88417,True,05:00,18:00,2025-05-16,01:27:05
,35,230,229,3739334,N/A,N/A,425,10952,Jundiaí,-23.18639,-46.88417,True,05:00,18:00,2025-05-16,01:27:05
DPE5057,36,182,181,3740219,N/A,N/A,432,11377,Itu,-23.26417,-47.29917,,05:00,18:00,2025-05-16,01:27:05
FCC1291,1,134,133,3740833,N/A,N/A,100,0,Guarulhos,-23.41433,-46.4037699,,05:00,18:00,2025-05-16,01:27:05
CBM9C30,2,322,321,3740211,N/A,N/A,120,100,Praia Grande,-24.00583,-46.40278,,05:00,18:00,2025-05-16,01:27:05
CBM9C30,3,321,320,3740556,N/A,N/A,95,220,Praia Grande,-24.0347778,-46.5302849,,05:00,18:00,2025-05-16,01:27:05
CBM9C30,4,320,319,3740379,N/A,N/A,390,315,Praia Grande,-24.00583,-46.40278,,05:00,18:00,2025-05-16,01:27:05
CBM9C30,5,319,318,3740466,N/A,N/A,160,705,Praia Grande,-24.0329352,-46.5216928,,05:00,18:00,2025-05-16,01:27:05
CBM9C30,6,317,316,3740462,N/A,N/A,200,865,Praia Grande,-23.9999472,-46.4461932,,05:00,18:00,2025-05-16,01:27:05
CBM9C30,7,315,314,3740445,N/A,N/A,200,1065,Praia Grande,-24.00583,-46.40278,,05:00,18:00,2025-05-16,01:27:05
CBM9C30,8,314,313,3740372,N/A,N/A,60,1265,Praia Grande,-24.00583,-46.40278,,05:00,18:00,2025-05-16,01:27:05
CBM9C30,9,313,312,3740529,N/A,N/A,340,1325,Praia Grande,-24.0199067,-46.4894587,,05:00,18:00,2025-05-16,01:27:05
CBM9C30,10,312,311,3740458,N/A,N/A,220,1665,Praia Grande,-24.00583,-46.40278,,05:00,18:00,2025-05-16,01:27:05
CBM9C30,11,311,310,3740610,N/A,N/A,200,1885,Praia Grande,-24.00583,-46.40278,,05:00,18:00,2025-05-16,01:27:05
CBM9C30,12,310,309,3740790,N/A,N/A,340,2085,Praia Grande,-24.0327245,-46.5256038,,05:00,18:00,2025-05-16,01:27:05
PVI0H39,13,309,308,3740607,N/A,N/A,100,2425,Poá,-23.5554671,-46.3460464,,05:00,18:00,2025-05-16,01:27:05
PVI0H39,14,308,307,3740728,N/A,N/A,260,2525,Poá,-23.52806,-46.34472,,05:00,18:00,2025-05-16,01:27:05
ELW9J36,15,307,306,3739307,N/A,N/A,465,2785,Pirassununga,-21.99611,-47.42583,,05:00,18:00,2025-05-16,01:27:05
ELW9J36,16,306,305,3739284,N/A,N/A,335,3250,Pirassununga,-21.99611,-47.42583,,05:00,18:00,2025-05-16,01:27:05
FVH4C11,17,305,304,3740600,N/A,N/A,95,3585,Piracaia,-23.060736,-46.3671408,,05:00,18:00,2025-05-16,01:27:05
FVH4C11,18,304,303,3740266,N/A,N/A,110,3680,Piracaia,-23.05389,-46.35806,,05:00,18:00,2025-05-16,01:27:05
FVH4C11,19,303,302,3740783,N/A,N/A,100,3790,Piracaia,-23.0492139,-46.343872,,05:00,18:00,2025-05-16,01:27:05
FVH4C11,20,302,301,3740590,N/A,N/A,110,3890,Piracaia,-23.0538678,-46.3498227,,05:00,18:00,2025-05-16,01:27:05
ETQ8I96,21,301,300,3740381,N/A,N/A,410,4000,Peruíbe,-24.32,-46.99833,,05:00,18:00,2025-05-16,01:27:05
ETQ8I96,22,300,299,3740793,N/A,N/A,360,4410,Peruíbe,-24.32,-46.99833,,05:00,18:00,2025-05-16,01:27:05
ETQ8I96,23,299,298,3740953,N/A,N/A,200,4770,Peruíbe,-24.2999496,-46.9892214,,05:00,18:00,2025-05-16,01:27:05
ETQ8I96,24,298,297,3740947,N/A,N/A,200,4970,Peruíbe,-24.32,-46.99833,,05:00,18:00,2025-05-16,01:27:05
ETQ8I96,25,297,296,3740461,N/A,N/A,160,5170,Peruíbe,-24.2936254,-46.9770747,,05:00,18:00,2025-05-16,01:27:05
ETQ8I96,26,296,295,3740431,N/A,N/A,60,5330,Peruíbe,-24.2936254,-46.9770747,,05:00,18:00,2025-05-16,01:27:05
ETQ8I96,27,295,294,3740946,N/A,N/A,140,5390,Peruíbe,-24.32,-46.99833,,05:00,18:00,2025-05-16,01:27:05
ETQ8I96,28,294,293,3740650,N/A,N/A,60,5530,Peruíbe,-24.32,-46.99833,,05:00,18:00,2025-05-16,01:27:05
DOD4H99,29,293,292,3740777,N/A,N/A,133,5590,Pedreira,-23.4917837,-46.3435262,,05:00,18:00,2025-05-16,01:27:05
DOD4H99,30,292,291,3739711,N/A,N/A,260,5723,Pedreira,-22.7476542,-46.8985023,,05:00,18:00,2025-05-16,01:27:05
DOD4H99,31,291,290,3740378,N/A,N/A,76,5983,Pedreira,-22.74194,-46.90139,,05:00,18:00,2025-05-16,01:27:05
DIE6B09,32,289,288,3739112,N/A,N/A,80,6059,Paulínia,-22.76111,-47.15417,,05:00,18:00,2025-05-16,01:27:05
GHT5A24,33,288,287,3740760,N/A,N/A,360,6139,Pariquera-Açu,-24.7156367,-47.8735194,,05:00,18:00,2025-05-16,01:27:05
EZL3F49,34,287,286,3740979,N/A,N/A,540,6499,Paraibuna,-23.3831094,-45.6650429,,05:00,18:00,2025-05-16,01:27:05
EZL3F49,35,286,285,3740815,N/A,N/A,160,7039,Paraibuna,-23.3831094,-45.6650429,,05:00,18:00,2025-05-16,01:27:05
,36,285,284,3740446,N/A,N/A,315,7199,Osasco,-23.5613402,-46.79033,True,05:00,18:00,2025-05-16,01:27:05
,37,284,283,3740398,N/A,N/A,125,7514,Osasco,-23.5049491,-46.7769148,True,05:00,18:00,2025-05-16,01:27:05
,38,283,282,3740907,N/A,N/A,160,7639,Osasco,-23.5051979,-46.7737941,True,05:00,18:00,2025-05-16,01:27:05
CVP8461,39,282,281,3740756,N/A,N/A,140,7799,Osasco,-23.5032364,-46.7671773,,05:00,18:00,2025-05-16,01:27:05
CVP8461,40,281,280,3740836,N/A,N/A,175,7939,Osasco,-23.5490857,-46.8086203,,05:00,18:00,2025-05-16,01:27:05
CVP8461,41,280,279,3740488,N/A,N/A,100,8114,Osasco,-23.559865,-46.8166755,,05:00,18:00,2025-05-16,01:27:05
CVP8461,42,279,278,3740769,N/A,N/A,120,8214,Osasco,-23.5325,-46.79167,,05:00,18:00,2025-05-16,01:27:05
CVP8461,43,278,277,3740571,N/A,N/A,100,8334,Osasco,-23.5205292,-46.7534175,,05:00,18:00,2025-05-16,01:27:05
CVP8461,44,277,276,3740570,N/A,N/A,100,8434,Osasco,-23.5205292,-46.7534175,,05:00,18:00,2025-05-16,01:27:05
CVP8461,45,276,275,3740441,N/A,N/A,180,8534,Osasco,-23.5298717,-46.7942864,,05:00,18:00,2025-05-16,01:27:05
CVP8461,46,275,274,3741049,N/A,N/A,220,8714,Osasco,-23.5119988,-46.779681,,05:00,18:00,2025-05-16,01:27:05
CVP8461,47,274,273,3740983,N/A,N/A,140,8934,Osasco,-23.4989217,-46.7711929,,05:00,18:00,2025-05-16,01:27:05
CVP8461,48,273,272,3740177,N/A,N/A,100,9074,Osasco,-23.5389781,-46.7653358,,05:00,18:00,2025-05-16,01:27:05
CVP8461,49,272,271,3740737,N/A,N/A,160,9174,Osasco,-23.5583958,-46.79401,,05:00,18:00,2025-05-16,01:27:05
CVP8461,50,271,270,3740738,N/A,N/A,200,9334,Osasco,-23.4982773,-46.8038889,,05:00,18:00,2025-05-16,01:27:05
CVP8461,51,270,269,3740439,N/A,N/A,80,9534,Osasco,-23.5325,-46.79167,,05:00,18:00,2025-05-16,01:27:05
,52,269,268,3740725,N/A,N/A,510,9614,Osasco,-23.5149297,-46.7782849,True,05:00,18:00,2025-05-16,01:27:05
CVP8461,53,268,267,3740757,N/A,N/A,180,10124,Osasco,-23.5267853,-46.7961639,,05:00,18:00,2025-05-16,01:27:05
CVP8461,54,267,266,3740255,N/A,N/A,120,10304,Osasco,-23.5198227,-46.7936859,,05:00,18:00,2025-05-16,01:27:05
CVP8461,55,266,265,3740854,N/A,N/A,100,10424,Osasco,-23.5325,-46.79167,,05:00,18:00,2025-05-16,01:27:05
,56,265,264,3740634,N/A,N/A,645,10524,Osasco,-23.5325,-46.79167,True,05:00,18:00,2025-05-16,01:27:05
FCV5H06,57,264,263,3740452,N/A,N/A,160,11169,Mongaguá,-24.127765,-46.6898597,,05:00,18:00,2025-05-16,01:27:05
FCV5H06,58,263,262,3740374,N/A,N/A,60,11329,Mongaguá,-24.127765,-46.6898597,,05:00,18:00,2025-05-16,01:27:05
DNE6G24,59,186,185,3740939,N/A,N/A,240,11389,Itupeva,-23.1521891,-47.0570231,,05:00,18:00,2025-05-16,01:27:05
DPE5057,1,184,183,3740775,N/A,N/A,60,0,Itu,-23.2646325,-47.2972233,,05:00,18:00,2025-05-16,01:27:05
,2,330,329,3740249,N/A,N/A,170,60,Rio Claro,-22.3980124,-47.5936443,True,05:00,18:00,2025-05-16,01:27:05
EWO3F09,3,329,328,3740327,N/A,N/A,385,230,Rio Claro,-22.4357046,-47.5822843,,05:00,18:00,2025-05-16,01:27:05
,4,328,327,3741013,N/A,N/A,460,615,Ribeirão Pires,-23.6498005,-46.3663212,True,05:00,18:00,2025-05-16,01:27:05
CPI2I00,5,326,325,3741029,N/A,N/A,1200,1075,Registro,-24.4989854,-47.8452091,,05:00,18:00,2025-05-16,01:27:05
CBM9C30,6,324,323,3740746,N/A,N/A,100,2275,Praia Grande,-24.00583,-46.40278,,05:00,18:00,2025-05-16,01:27:05
DPE5057,1,172,171,3740663,N/A,N/A,80,0,Itu,-23.2642243,-47.280937,,05:00,18:00,2025-05-16,01:27:05
EWO3F09,2,331,330,3740210,N/A,N/A,1085,80,Rio Claro,-22.3869334,-47.5792418,,05:00,18:00,2025-05-16,01:27:05
CPI2I00,3,325,324,3740332,N/A,N/A,100,1165,Registro,-24.4948657,-47.8450486,,05:00,18:00,2025-05-16,01:27:05
CBM9C30,4,316,315,3740377,N/A,N/A,60,1265,Praia Grande,-23.9999472,-46.4461932,,05:00,18:00,2025-05-16,01:27:05
CVZ7J94,1,339,338,3740755,N/A,N/A,710,0,Santana De Parnaíba,-23.4772118,-46.8925865,,05:00,18:00,2025-05-16,01:27:05
FKU1682,2,336,335,3740959,N/A,N/A,140,710,Salto,-23.20083,-47.28694,,05:00,18:00,2025-05-16,01:27:05
FKU1682,3,335,334,3740140,N/A,N/A,140,850,Salto,-23.20083,-47.28694,,05:00,18:00,2025-05-16,01:27:05
FKU1682,4,334,333,3740227,N/A,N/A,100,990,Salto,-23.2053331,-47.3080198,,05:00,18:00,2025-05-16,01:27:05
DVM6E68,5,333,332,3740811,N/A,N/A,134,1090,Rio Grande Da Serra,-23.747989,-46.3746945,,05:00,18:00,2025-05-16,01:27:05
CPI2I00,6,327,326,3740380,N/A,N/A,95,1224,Registro,-24.498679,-47.8526184,,05:00,18:00,2025-05-16,01:27:05
CBM9C30,7,318,317,3740432,N/A,N/A,60,1319,Praia Grande,-24.0329352,-46.5216928,,05:00,18:00,2025-05-16,01:27:05
DPE5057,8,177,176,3740615,N/A,N/A,93,1379,Itu,-23.285001,-47.2893848,,05:00,18:00,2025-05-16,01:27:05
,1,535,534,3740312,N/A,N/A,6960,0,Zona Norte - São Paulo,-23.4756552,-46.5718114,True,05:00,18:00,2025-05-16,01:27:05
DAJ6915,2,358,357,3740517,N/A,N/A,590,6960,Santos,-23.9606757,-46.3462848,True,05:00,18:00,2025-05-16,01:27:05
DAJ6915,3,356,355,3740805,N/A,N/A,492,7550,Santos,-23.9608123,-46.3383508,True,05:00,18:00,2025-05-16,01:27:05
DAJ6915,4,354,353,3740597,N/A,N/A,430,8042,Santos,-23.9687118,-46.3033049,True,05:00,18:00,2025-05-16,01:27:05
DAJ6915,5,351,350,3740467,N/A,N/A,300,8472,Santos,-23.9458312,-46.3552528,True,05:00,18:00,2025-05-16,01:27:05
DAJ6915,6,350,349,3740454,N/A,N/A,160,8772,Santos,-23.96083,-46.33361,True,05:00,18:00,2025-05-16,01:27:05
,7,349,348,3740388,N/A,N/A,60,8932,Santos,-23.96083,-46.33361,True,05:00,18:00,2025-05-16,01:27:05
DAJ6915,8,348,347,3740212,N/A,N/A,260,8992,Santos,-23.9599623,-46.3415268,True,05:00,18:00,2025-05-16,01:27:05
,9,347,346,3741014,N/A,N/A,720,9252,Santos,-23.9593759,-46.3191609,True,05:00,18:00,2025-05-16,01:27:05
ELQ4H71,10,346,345,3739607,N/A,N/A,250,9972,Santo Antônio De Posse,-22.6073243,-46.9072778,,05:00,18:00,2025-05-16,01:27:05
,11,345,344,3740354,N/A,N/A,80,10222,Santo André,-23.6844381,-46.5392872,True,05:00,18:00,2025-05-16,01:27:05
,12,344,343,3740923,N/A,N/A,400,10302,Santo André,-23.6292226,-46.4987878,True,05:00,18:00,2025-05-16,01:27:05
,13,343,342,3740156,N/A,N/A,120,10702,Santo André,-23.6695869,-46.5340595,True,05:00,18:00,2025-05-16,01:27:05
,14,342,341,3740820,N/A,N/A,80,10822,Santo André,-23.6408129,-46.4989662,True,05:00,18:00,2025-05-16,01:27:05
CVZ7J94,15,341,340,3740118,N/A,N/A,220,10902,Santana De Parnaíba,-0.05833,-51.18167,,05:00,18:00,2025-05-16,01:27:05
CVZ7J94,16,340,339,3740256,N/A,N/A,145,11122,Santana De Parnaíba,-23.4678426,-46.8707308,,05:00,18:00,2025-05-16,01:27:05
CVZ7J94,17,338,337,3740908,N/A,N/A,80,11267,Santana De Parnaíba,-23.4798612,-46.8921049,,05:00,18:00,2025-05-16,01:27:05
SSV8C39,18,337,336,3740282,N/A,N/A,500,11347,Santa Gertrudes,-22.4466094,-47.5455028,,05:00,18:00,2025-05-16,01:27:05
FTY6B82,1,369,368,3740802,N/A,N/A,1200,0,São Bernardo Do Campo,-23.6673537,-46.5941037,False,05:00,18:00,2025-05-16,01:27:05
FTY6B82,2,368,367,3740535,N/A,N/A,560,1200,São Bernardo Do Campo,-23.6927638,-46.5586558,False,05:00,18:00,2025-05-16,01:27:05
,3,364,363,3740913,N/A,N/A,1000,1760,São Bento Do Sapucaí,-22.68889,-45.73083,True,05:00,18:00,2025-05-16,01:27:05
,4,363,362,3740814,N/A,N/A,160,2760,São Bento Do Sapucaí,-22.68889,-45.73083,True,05:00,18:00,2025-05-16,01:27:05
,5,362,361,3740258,N/A,N/A,160,2920,Santos,-23.96083,-46.33361,True,05:00,18:00,2025-05-16,01:27:05
,6,360,359,3740510,N/A,N/A,900,3080,Santos,-23.9715042,-46.3023726,True,05:00,18:00,2025-05-16,01:27:05
,7,359,358,3740727,N/A,N/A,290,3980,Santos,-23.932779,-46.3468543,True,05:00,18:00,2025-05-16,01:27:05
DAJ6915,8,357,356,3740527,N/A,N/A,140,4270,Santos,-23.9706908,-46.3055,False,05:00,18:00,2025-05-16,01:27:05
,9,355,354,3740791,N/A,N/A,270,4410,Santos,-23.96083,-46.33361,True,05:00,18:00,2025-05-16,01:27:05
,10,353,352,3740473,N/A,N/A,100,4680,Santos,-23.9591554,-46.3319094,True,05:00,18:00,2025-05-16,01:27:05
,11,161,160,3740203,N/A,N/A,7200,4780,Itapevi,-23.54889,-46.93417,True,05:00,18:00,2025-05-16,01:27:05
,1,393,392,3740642,N/A,N/A,380,0,Zona Leste - São Paulo,-23.5439803,-46.5838146,True,05:00,18:00,2025-05-16,01:27:05
,2,392,391,3740635,N/A,N/A,240,380,Zona Oeste - São Paulo,-23.523624,-46.6500239,True,05:00,18:00,2025-05-16,01:27:05
,3,391,390,3740643,N/A,N/A,520,620,Zona Sul - São Paulo,-23.6610006,-46.7093906,True,05:00,18:00,2025-05-16,01:27:05
,4,390,389,3740991,N/A,N/A,340,1140,São José Dos Campos,-23.17944,-45.88694,True,05:00,18:00,2025-05-16,01:27:05
FQZ2I25,5,389,388,3740780,N/A,N/A,240,1480,São José Dos Campos,-23.17944,-45.88694,True,05:00,18:00,2025-05-16,01:27:05
FQZ2I25,6,388,387,3740981,N/A,N/A,390,1720,São José Dos Campos,-23.2298571,-45.8861203,True,05:00,18:00,2025-05-16,01:27:05
,7,386,385,3740141,N/A,N/A,120,2110,São José Dos Campos,-23.17944,-45.88694,True,05:00,18:00,2025-05-16,01:27:05
FQZ2I25,8,385,384,3740580,N/A,N/A,115,2230,São José Dos Campos,-23.219906,-45.8914207,True,05:00,18:00,2025-05-16,01:27:05
FQZ2I25,9,383,382,3740675,N/A,N/A,220,2345,São José Dos Campos,-23.1953942,-45.8909157,True,05:00,18:00,2025-05-16,01:27:05
FQZ2I25,10,382,381,3740676,N/A,N/A,255,2565,São José Dos Campos,-23.2157301,-45.9094568,True,05:00,18:00,2025-05-16,01:27:05
FQZ2I25,11,381,380,3740158,N/A,N/A,100,2820,São José Dos Campos,-21.48028,-56.13806,True,05:00,18:00,2025-05-16,01:27:05
FQZ2I25,12,379,378,3740655,N/A,N/A,180,2920,São José Dos Campos,-23.2243586,-45.9118091,True,05:00,18:00,2025-05-16,01:27:05
,13,377,376,3740304,N/A,N/A,80,3100,São Caetano Do Sul,-23.626508,-46.5807647,True,05:00,18:00,2025-05-16,01:27:05
,14,376,375,3740496,N/A,N/A,60,3180,São Caetano Do Sul,-23.6340594,-46.5752863,True,05:00,18:00,2025-05-16,01:27:05
FTY6B82,15,375,374,3740619,N/A,N/A,260,3240,São Bernardo Do Campo,-23.6910052,-46.5552196,False,05:00,18:00,2025-05-16,01:27:05
FTY6B82,16,374,373,3740916,N/A,N/A,260,3500,São Bernardo Do Campo,-23.6991131,-46.5502833,False,05:00,18:00,2025-05-16,01:27:05
FTY6B82,17,373,372,3740193,N/A,N/A,60,3760,São Bernardo Do Campo,-23.7112629,-46.5474498,False,05:00,18:00,2025-05-16,01:27:05
FTY6B82,18,372,371,3740383,N/A,N/A,60,3820,São Bernardo Do Campo,-23.7485643,-46.5826605,False,05:00,18:00,2025-05-16,01:27:05
FTY6B82,19,371,370,3740536,N/A,N/A,120,3880,São Bernardo Do Campo,-23.7284559,-46.5582636,False,05:00,18:00,2025-05-16,01:27:05
FTY6B82,20,370,369,3740192,N/A,N/A,375,4000,São Bernardo Do Campo,-23.69389,-46.565,False,05:00,18:00,2025-05-16,01:27:05
FTY6B82,21,367,366,3740340,N/A,N/A,60,4375,São Bernardo Do Campo,-23.709775,-46.5395554,False,05:00,18:00,2025-05-16,01:27:05
FTY6B82,22,366,365,3740500,N/A,N/A,80,4435,São Bernardo Do Campo,-23.6747014,-46.5915321,False,05:00,18:00,2025-05-16,01:27:05
FTY6B82,23,365,364,3740968,N/A,N/A,180,4515,São Bernardo Do Campo,-23.69389,-46.565,False,05:00,18:00,2025-05-16,01:27:05
DAJ6915,24,361,360,3740436,N/A,N/A,80,4695,Santos,-23.96083,-46.33361,False,05:00,18:00,2025-05-16,01:27:05
,25,352,351,3740434,N/A,N/A,60,4775,Santos,-23.9591554,-46.3319094,True,05:00,18:00,2025-05-16,01:27:05
,1,418,417,3740855,N/A,N/A,545,0,Zona Leste - São Paulo,-23.58845,-46.5798,True,05:00,18:00,2025-05-16,01:27:05
,2,416,415,3741032,N/A,N/A,300,545,Zona Sul - São Paulo,-23.738973,-46.666526,True,05:00,18:00,2025-05-16,01:27:05
,3,414,413,3740190,N/A,N/A,75,845,Zona Sul - São Paulo,-23.7142184,-46.7019877,True,05:00,18:00,2025-05-16,01:27:05
,4,413,412,3740176,N/A,N/A,80,920,Zona Leste - São Paulo,-23.5251778,-46.5467519,True,05:00,18:00,2025-05-16,01:27:05
,5,412,411,3740682,N/A,N/A,220,1000,Zona Sul - São Paulo,-23.7424958,-46.6618167,True,05:00,18:00,2025-05-16,01:27:05
,6,411,410,3740191,N/A,N/A,120,1220,Zona Oeste - São Paulo,-23.5339352,-46.6874622,True,05:00,18:00,2025-05-16,01:27:05
,7,410,409,3741008,N/A,N/A,135,1340,Zona Oeste - São Paulo,-23.5554462,-46.650081,True,05:00,18:00,2025-05-16,01:27:05
,8,409,408,3740846,N/A,N/A,120,1475,Zona Norte - São Paulo,-23.21725,-46.00151,True,05:00,18:00,2025-05-16,01:27:05
,9,408,407,3740608,N/A,N/A,220,1595,Zona Leste - São Paulo,-23.4927223,-46.3885539,True,05:00,18:00,2025-05-16,01:27:05
,10,407,406,3740822,N/A,N/A,100,1815,Zona Oeste - São Paulo,-23.496228,-46.726804,True,05:00,18:00,2025-05-16,01:27:05
,11,406,405,3740903,N/A,N/A,100,1915,Zona Oeste - São Paulo,-23.4855633,-46.7459339,True,05:00,18:00,2025-05-16,01:27:05
,12,405,404,3740613,N/A,N/A,280,2015,Zona Leste - São Paulo,-23.493,-46.43646,True,05:00,18:00,2025-05-16,01:27:05
,13,404,403,3740839,N/A,N/A,120,2295,Zona Sul - São Paulo,-23.6629,-47.6209,True,05:00,18:00,2025-05-16,01:27:05
,14,403,402,3739494,N/A,N/A,280,2415,Zona Leste - São Paulo,-23.5177931,-46.5853263,True,05:00,18:00,2025-05-16,01:27:05
,15,402,401,3740540,N/A,N/A,300,2695,Zona Oeste - São Paulo,-23.5197686,-46.7014124,True,05:00,18:00,2025-05-16,01:27:05
,16,401,400,3740189,N/A,N/A,140,2995,Centro - São Paulo,-23.5475,-46.63611,True,05:00,18:00,2025-05-16,01:27:05
,17,400,399,3740750,N/A,N/A,370,3135,Zona Leste - São Paulo,-23.5728247,-46.4987755,True,05:00,18:00,2025-05-16,01:27:05
,18,399,398,3740666,N/A,N/A,140,3505,Centro - São Paulo,-23.5475,-46.63611,True,05:00,18:00,2025-05-16,01:27:05
,19,398,397,3740670,N/A,N/A,500,3645,Zona Leste - São Paulo,-23.597507,-46.430098,True,05:00,18:00,2025-05-16,01:27:05
,20,397,396,3740951,N/A,N/A,120,4145,Zona Oeste - São Paulo,-23.5544616,-46.6500849,True,05:00,18:00,2025-05-16,01:27:05
,21,396,395,3740555,N/A,N/A,90,4265,Zona Sul - São Paulo,-23.6441482,-46.5916661,True,05:00,18:00,2025-05-16,01:27:05
,22,395,394,3740778,N/A,N/A,300,4355,Zona Norte - São Paulo,-23.4598445,-46.6986945,True,05:00,18:00,2025-05-16,01:27:05
,23,394,393,3740792,N/A,N/A,200,4655,Zona Sul - São Paulo,-23.6392403,-46.6419503,True,05:00,18:00,2025-05-16,01:27:05
,24,378,377,3740335,N/A,N/A,80,4855,São Caetano Do Sul,-23.6191958,-46.5520096,True,05:00,18:00,2025-05-16,01:27:05
,1,432,431,3740693,N/A,N/A,735,0,Zona Leste - São Paulo,-23.5245532,-46.4917133,True,05:00,18:00,2025-05-16,01:27:05
,2,428,427,3740797,N/A,N/A,500,735,Zona Norte - São Paulo,-23.3731639,-45.6717908,True,05:00,18:00,2025-05-16,01:27:05
,3,423,422,3740495,N/A,N/A,120,1235,Zona Oeste - São Paulo,-23.5620377,-46.6659896,True,05:00,18:00,2025-05-16,01:27:05
,4,422,421,3740910,N/A,N/A,235,1355,Zona Leste - São Paulo,-23.5968387,-46.5226399,True,05:00,18:00,2025-05-16,01:27:05
,5,420,419,3740364,N/A,N/A,300,1590,Zona Oeste - São Paulo,-23.5345723,-46.6244535,True,05:00,18:00,2025-05-16,01:27:05
,6,419,418,3740363,N/A,N/A,180,1890,Zona Oeste - São Paulo,-23.5345723,-46.6244535,True,05:00,18:00,2025-05-16,01:27:05
,7,417,416,3740848,N/A,N/A,220,2070,Zona Oeste - São Paulo,-23.5916859,-46.7749208,True,05:00,18:00,2025-05-16,01:27:05
,1,434,433,3740695,N/A,N/A,1645,0,Zona Leste - São Paulo,-23.5088206,-46.4894631,True,05:00,18:00,2025-05-16,01:27:05
,2,433,432,3740694,N/A,N/A,420,1645,Zona Leste - São Paulo,-23.5733062,-46.5413423,True,05:00,18:00,2025-05-16,01:27:05
,3,431,430,3740502,N/A,N/A,320,2065,Zona Norte - São Paulo,-22.0,-49.0,True,05:00,18:00,2025-05-16,01:27:05
,4,427,426,3740810,N/A,N/A,160,2385,Zona Sul - São Paulo,-23.6486173,-46.6656941,True,05:00,18:00,2025-05-16,01:27:05
,5,424,423,3741022,N/A,N/A,120,2545,Zona Sul - São Paulo,-23.6422001,-45.4375369,True,05:00,18:00,2025-05-16,01:27:05
,6,415,414,3740904,N/A,N/A,100,2665,Zona Norte - São Paulo,-23.4570932,-46.714201,True,05:00,18:00,2025-05-16,01:27:05
EFV0G08,1,198,197,3740281,N/A,N/A,620,0,Jaguariúna,-22.70556,-46.98583,,05:00,18:00,2025-05-16,01:27:05
,2,436,435,3740696,N/A,N/A,2230,620,Zona Sul - São Paulo,-23.6133707,-46.5009539,True,05:00,18:00,2025-05-16,01:27:05
,3,426,425,3740917,N/A,N/A,150,2850,Centro - São Paulo,-23.5475,-46.63611,True,05:00,18:00,2025-05-16,01:27:05
,1,444,443,3740559,N/A,N/A,2260,0,Zona Norte - São Paulo,-23.476523,-46.6450418,True,05:00,18:00,2025-05-16,01:27:05
,2,438,437,3740702,N/A,N/A,1130,2260,Zona Leste - São Paulo,-23.5944434,-46.4386057,True,05:00,18:00,2025-05-16,01:27:05
,3,437,436,3740697,N/A,N/A,1415,3390,Zona Leste - São Paulo,-23.5087736,-46.5389309,True,05:00,18:00,2025-05-16,01:27:05
,4,421,420,3740179,N/A,N/A,80,4805,Zona Oeste - São Paulo,-23.5990047,-46.6369432,True,05:00,18:00,2025-05-16,01:27:05
,1,445,444,3740567,N/A,N/A,1420,0,Zona Norte - São Paulo,-23.4787794,-46.6088101,True,05:00,18:00,2025-05-16,01:27:05
,2,435,434,3740703,N/A,N/A,540,1420,Centro - São Paulo,-23.5475,-46.63611,True,05:00,18:00,2025-05-16,01:27:05
,3,429,428,3740344,N/A,N/A,80,1960,Centro - São Paulo,-23.5475,-46.63611,True,05:00,18:00,2025-05-16,01:27:05
,4,425,424,3738156,N/A,N/A,80,2040,Zona Oeste - São Paulo,-23.4825331,-46.7231692,True,05:00,18:00,2025-05-16,01:27:05
DPE5057,5,183,182,3740818,N/A,N/A,240,2120,Itu,-23.26417,-47.29917,,05:00,18:00,2025-05-16,01:27:05
,1,446,445,3740569,N/A,N/A,1070,0,Zona Norte - São Paulo,-23.4760075,-46.6092907,True,05:00,18:00,2025-05-16,01:27:05
,2,442,441,3740852,N/A,N/A,120,1070,Zona Oeste - São Paulo,-23.5663331,-46.6954353,True,05:00,18:00,2025-05-16,01:27:05
,3,441,440,3741009,N/A,N/A,380,1190,Zona Norte - São Paulo,-23.2195694,-47.9448753,True,05:00,18:00,2025-05-16,01:27:05
,4,440,439,3740279,N/A,N/A,120,1570,Zona Oeste - São Paulo,-23.5541787,-46.6524022,True,05:00,18:00,2025-05-16,01:27:05
,5,439,438,3740840,N/A,N/A,120,1690,Zona Oeste - São Paulo,-23.5937742,-46.7971128,True,05:00,18:00,2025-05-16,01:27:05
,6,430,429,3740883,N/A,N/A,120,1810,Zona Norte - São Paulo,-23.38083,-48.73085,True,05:00,18:00,2025-05-16,01:27:05
,7,380,379,3740993,N/A,N/A,60,1930,São José Dos Campos,-23.2541491,-45.9313672,True,05:00,18:00,2025-05-16,01:27:05
DNE6G24,8,185,184,3740368,N/A,N/A,140,1990,Itupeva,-23.15306,-47.05778,,05:00,18:00,2025-05-16,01:27:05
,1,160,159,3740198,N/A,N/A,5000,0,Itapevi,-23.54889,-46.93417,True,05:00,18:00,2025-05-16,01:27:05
FTA0472,1,45,44,3740688,N/A,N/A,260,0,Cabreúva,-23.2495822,-47.0561778,,05:00,18:00,2025-05-16,01:27:05
FPJ4E00,2,143,142,3740909,N/A,N/A,140,260,Indaiatuba,-23.08842,-47.2119,,05:00,18:00,2025-05-16,01:27:05
IXB7J94,3,62,61,3740992,N/A,N/A,675,400,Campinas,-22.9495493,-47.0928675,,05:00,18:00,2025-05-16,01:27:05
FPJ4E00,4,146,145,3740955,N/A,N/A,200,1075,Indaiatuba,-23.0785522,-47.2069032,,05:00,18:00,2025-05-16,01:27:05
IXB7J94,5,60,59,3740483,N/A,N/A,155,1275,Campinas,-22.932135,-47.0672406,,05:00,18:00,2025-05-16,01:27:05
FTU4F16,6,164,163,3740468,N/A,N/A,264,1430,Itapira,-22.43611,-46.82167,,05:00,18:00,2025-05-16,01:27:05
,7,453,452,3740508,N/A,N/A,540,1694,Zona Oeste - São Paulo,-23.56729,-46.69232,True,05:00,18:00,2025-05-16,01:27:05
,8,451,450,3740322,N/A,N/A,160,2234,Zona Norte - São Paulo,-23.4793728,-46.5819262,True,05:00,18:00,2025-05-16,01:27:05
,9,449,448,3740362,N/A,N/A,140,2394,Zona Oeste - São Paulo,-23.5746722,-46.6351096,True,05:00,18:00,2025-05-16,01:27:05
,10,448,447,3740841,N/A,N/A,140,2534,Zona Oeste - São Paulo,-23.5554328,-46.6928898,True,05:00,18:00,2025-05-16,01:27:05
,11,447,446,3740919,N/A,N/A,70,2674,Zona Oeste - São Paulo,-23.5848574,-46.6421213,True,05:00,18:00,2025-05-16,01:27:05
,12,443,442,3740915,N/A,N/A,100,2744,Zona Leste - São Paulo,-23.5139012,-46.583372,True,05:00,18:00,2025-05-16,01:27:05
,1,459,458,3740751,N/A,N/A,400,0,Zona Oeste - São Paulo,-23.5263346,-46.6061665,True,05:00,18:00,2025-05-16,01:27:05
,2,457,456,3740764,N/A,N/A,340,400,Zona Oeste - São Paulo,-23.5796817,-46.6404127,True,05:00,18:00,2025-05-16,01:27:05
,3,456,455,3740487,N/A,N/A,180,740,Centro - São Paulo,-23.5475,-46.63611,True,05:00,18:00,2025-05-16,01:27:05
,4,455,454,3740542,N/A,N/A,100,920,Zona Leste - São Paulo,-23.5659937,-46.504011,True,05:00,18:00,2025-05-16,01:27:05
,5,454,453,3740226,N/A,N/A,100,1020,Zona Oeste - São Paulo,-23.5950063,-46.6896149,True,05:00,18:00,2025-05-16,01:27:05
,6,452,451,3740857,N/A,N/A,100,1120,Centro - São Paulo,-23.5475,-46.63611,True,05:00,18:00,2025-05-16,01:27:05
,7,450,449,3740174,N/A,N/A,80,1220,Zona Sul - São Paulo,-23.70114,-48.10404,True,05:00,18:00,2025-05-16,01:27:05
,1,332,331,3740678,N/A,N/A,290,0,Rio Claro,-22.41139,-47.56139,True,05:00,18:00,2025-05-16,01:27:05
,2,476,475,3740838,N/A,N/A,300,290,Centro - São Paulo,-23.5475,-46.63611,True,05:00,18:00,2025-05-16,01:27:05
,3,475,474,3740593,N/A,N/A,120,590,Zona Norte - São Paulo,-23.3454526,-46.8424578,True,05:00,18:00,2025-05-16,01:27:05
,4,474,473,3740812,N/A,N/A,200,710,Zona Sul - São Paulo,-23.7066222,-46.6876047,True,05:00,18:00,2025-05-16,01:27:05
,5,473,472,3740532,N/A,N/A,150,910,Zona Leste - São Paulo,-23.5021947,-46.4645312,True,05:00,18:00,2025-05-16,01:27:05
,6,472,471,3740701,N/A,N/A,260,1060,Centro - São Paulo,-23.5475,-46.63611,True,05:00,18:00,2025-05-16,01:27:05
,7,471,470,3740700,N/A,N/A,80,1320,Centro - São Paulo,-23.5475,-46.63611,True,05:00,18:00,2025-05-16,01:27:05
,8,470,469,3741041,N/A,N/A,600,1400,Zona Sul - São Paulo,-23.6531957,-46.6369427,True,05:00,18:00,2025-05-16,01:27:05
,9,469,468,3740205,N/A,N/A,80,2000,Zona Oeste - São Paulo,-23.5658304,-46.6508381,True,05:00,18:00,2025-05-16,01:27:05
,10,468,467,3740238,N/A,N/A,140,2080,Centro - São Paulo,-23.5475,-46.63611,True,05:00,18:00,2025-05-16,01:27:05
,11,467,466,3740900,N/A,N/A,80,2220,Zona Norte - São Paulo,-23.4047725,-46.7411747,True,05:00,18:00,2025-05-16,01:27:05
,12,466,465,3740902,N/A,N/A,80,2300,Zona Norte - São Paulo,-23.00263,-49.89123,True,05:00,18:00,2025-05-16,01:27:05
,13,465,464,3740901,N/A,N/A,100,2380,Zona Oeste - São Paulo,-23.4916534,-46.7322256,True,05:00,18:00,2025-05-16,01:27:05
,14,464,463,3740871,N/A,N/A,180,2480,Zona Leste - São Paulo,-23.562324,-46.4221435,True,05:00,18:00,2025-05-16,01:27:05
,15,463,462,3740370,N/A,N/A,340,2660,Zona Oeste - São Paulo,-23.57374,-46.71936,True,05:00,18:00,2025-05-16,01:27:05
,16,462,461,3740880,N/A,N/A,400,3000,Zona Sul - São Paulo,-23.7424958,-46.6618167,True,05:00,18:00,2025-05-16,01:27:05
,17,461,460,3740945,N/A,N/A,1000,3400,Zona Sul - São Paulo,-23.752215,-46.6665395,True,05:00,18:00,2025-05-16,01:27:05
,18,460,459,3740878,N/A,N/A,200,4400,Zona Sul - São Paulo,-23.6879,-47.6693,True,05:00,18:00,2025-05-16,01:27:05
,19,458,457,3740813,N/A,N/A,120,4600,Zona Norte - São Paulo,-23.1979389,-46.8131823,True,05:00,18:00,2025-05-16,01:27:05
,1,487,486,3740628,N/A,N/A,370,0,Zona Norte - São Paulo,-20.85028,-50.09167,True,05:00,18:00,2025-05-16,01:27:05
,2,486,485,3740977,N/A,N/A,240,370,Zona Leste - São Paulo,-23.5258595,-46.4698864,True,05:00,18:00,2025-05-16,01:27:05
,3,483,482,3740513,N/A,N/A,105,610,Zona Oeste - São Paulo,-23.5174969,-46.6149398,True,05:00,18:00,2025-05-16,01:27:05
,4,482,481,3740528,N/A,N/A,118,715,Zona Leste - São Paulo,-23.5147153,-46.5866614,True,05:00,18:00,2025-05-16,01:27:05
,5,481,480,3740622,N/A,N/A,400,833,Zona Leste - São Paulo,-23.5118251,-46.5797465,True,05:00,18:00,2025-05-16,01:27:05
,6,480,479,3741012,N/A,N/A,95,1233,Zona Norte - São Paulo,-23.36667,-49.16667,True,05:00,18:00,2025-05-16,01:27:05
EDK6121,7,479,478,3740587,N/A,N/A,300,1328,Zona Norte - São Paulo,-23.18111,-46.395,True,05:00,18:00,2025-05-16,01:27:05
,8,478,477,3740585,N/A,N/A,300,1628,Centro - São Paulo,-23.5475,-46.63611,True,05:00,18:00,2025-05-16,01:27:05
,9,477,476,3740586,N/A,N/A,340,1928,Zona Leste - São Paulo,-23.5250364,-46.4286611,True,05:00,18:00,2025-05-16,01:27:05
,1,495,494,3740171,N/A,N/A,120,0,Zona Oeste - São Paulo,-23.536284,-46.7376947,True,05:00,18:00,2025-05-16,01:27:05
EDK6121,2,494,493,3740766,N/A,N/A,306,120,Zona Norte - São Paulo,-21.06667,-50.93333,True,05:00,18:00,2025-05-16,01:27:05
,3,493,492,3739097,N/A,N/A,100,426,Zona Oeste - São Paulo,-23.5312906,-46.6386411,True,05:00,18:00,2025-05-16,01:27:05
,4,492,491,3740982,N/A,N/A,120,526,Zona Oeste - São Paulo,-23.5734968,-46.6229475,True,05:00,18:00,2025-05-16,01:27:05
,5,491,490,3740997,N/A,N/A,220,646,Zona Sul - São Paulo,-23.6083178,-45.3511302,True,05:00,18:00,2025-05-16,01:27:05
,6,490,489,3740575,N/A,N/A,155,866,Zona Sul - São Paulo,-23.6040646,-46.6460655,True,05:00,18:00,2025-05-16,01:27:05
,7,489,488,3740530,N/A,N/A,140,1021,Zona Sul - São Paulo,-23.6040646,-46.6460655,True,05:00,18:00,2025-05-16,01:27:05
EDK6121,8,488,487,3740629,N/A,N/A,80,1161,Zona Norte - São Paulo,-20.85028,-50.09167,True,05:00,18:00,2025-05-16,01:27:05
,9,485,484,3740180,N/A,N/A,120,1241,Zona Oeste - São Paulo,-23.5672233,-46.6360806,True,05:00,18:00,2025-05-16,01:27:05
,10,484,483,3740170,N/A,N/A,98,1361,Zona Oeste - São Paulo,-23.5048653,-46.6409346,True,05:00,18:00,2025-05-16,01:27:05
FCV5H06,11,261,260,3740385,N/A,N/A,60,1459,Mongaguá,-24.09306,-46.62083,,05:00,18:00,2025-05-16,01:27:05
,1,508,507,3740972,N/A,N/A,100,0,Zona Sul - São Paulo,-23.6061623,-46.6415406,True,05:00,18:00,2025-05-16,01:27:05
,2,507,506,3740611,N/A,N/A,80,100,Zona Oeste - São Paulo,-23.5708485,-46.627986,True,05:00,18:00,2025-05-16,01:27:05
,3,506,505,3740742,N/A,N/A,140,180,Zona Leste - São Paulo,-23.4957893,-46.5757236,True,05:00,18:00,2025-05-16,01:27:05
EDK6121,4,505,504,3741045,N/A,N/A,200,320,Zona Norte - São Paulo,-23.4555826,-46.5899705,True,05:00,18:00,2025-05-16,01:27:05
,5,504,503,3740879,N/A,N/A,1000,520,Zona Sul - São Paulo,-23.6924523,-46.7832438,True,05:00,18:00,2025-05-16,01:27:05
EDK6121,6,503,502,3740935,N/A,N/A,75,1520,Zona Norte - São Paulo,-23.47093,-46.617617,True,05:00,18:00,2025-05-16,01:27:05
EDK6121,7,502,501,3740934,N/A,N/A,75,1595,Zona Norte - São Paulo,-23.1825,-46.5775,True,05:00,18:00,2025-05-16,01:27:05
EDK6121,8,501,500,3740933,N/A,N/A,140,1670,Zona Norte - São Paulo,-23.474322,-46.668385,True,05:00,18:00,2025-05-16,01:27:05
EDK6121,9,500,499,3740163,N/A,N/A,300,1810,Zona Norte - São Paulo,-23.4771251,-46.5638035,True,05:00,18:00,2025-05-16,01:27:05
,10,499,498,3740685,N/A,N/A,60,2110,Zona Norte - São Paulo,-23.4650898,-46.6842514,True,05:00,18:00,2025-05-16,01:27:05
,11,498,497,3740237,N/A,N/A,60,2170,Zona Oeste - São Paulo,-23.565879,-46.8650012,True,05:00,18:00,2025-05-16,01:27:05
,12,496,495,3740874,N/A,N/A,80,2230,Centro - São Paulo,-23.5475,-46.63611,True,05:00,18:00,2025-05-16,01:27:05
,13,205,204,3740525,N/A,N/A,40,2310,Jundiaí,-23.1557772,-47.0198521,True,05:00,18:00,2025-05-16,01:27:05
FPJ4E00,14,147,146,3740957,N/A,N/A,140,2350,Indaiatuba,-23.08842,-47.2119,,05:00,18:00,2025-05-16,01:27:05
,1,513,512,3740994,N/A,N/A,400,0,Zona Oeste - São Paulo,-23.50342,-46.664454,True,05:00,18:00,2025-05-16,01:27:05
,2,512,511,3740796,N/A,N/A,500,400,Zona Norte - São Paulo,-23.3731639,-45.6717908,True,05:00,18:00,2025-05-16,01:27:05
EDK6121,3,510,509,3740869,N/A,N/A,120,900,Zona Norte - São Paulo,-23.4536671,-46.6639692,True,05:00,18:00,2025-05-16,01:27:05
,4,509,508,3740668,N/A,N/A,400,1020,Zona Leste - São Paulo,-23.5336081,-46.4495633,True,05:00,18:00,2025-05-16,01:27:05
DIE6B09,5,290,289,3740546,N/A,N/A,40,1420,Paulínia,-22.76111,-47.15417,,05:00,18:00,2025-05-16,01:27:05
FPJ4E00,6,144,143,3740960,N/A,N/A,140,1460,Indaiatuba,-23.1047535,-47.2338758,,05:00,18:00,2025-05-16,01:27:05
FPJ4E00,1,145,144,3740956,N/A,N/A,140,0,Indaiatuba,-23.1070653,-47.182188,,05:00,18:00,2025-05-16,01:27:05
,2,541,540,3740309,N/A,N/A,2350,140,Zona Norte - São Paulo,-23.47337,-46.6669789,True,05:00,18:00,2025-05-16,01:27:05
,3,526,525,3740497,N/A,N/A,140,2490,Zona Oeste - São Paulo,-23.4883423,-46.6142367,True,05:00,18:00,2025-05-16,01:27:05
EDK6121,4,525,524,3740905,N/A,N/A,80,2630,Zona Norte - São Paulo,-21.9278104,-50.7385646,True,05:00,18:00,2025-05-16,01:27:05
,5,524,523,3740807,N/A,N/A,160,2710,Zona Oeste - São Paulo,-23.5254777,-46.6931616,True,05:00,18:00,2025-05-16,01:27:05
,6,523,522,3740881,N/A,N/A,300,2870,Zona Sul - São Paulo,-24.18333,-47.61667,True,05:00,18:00,2025-05-16,01:27:05
,7,522,521,3740241,N/A,N/A,150,3170,Zona Norte - São Paulo,-23.4723641,-46.5997586,True,05:00,18:00,2025-05-16,01:27:05
,8,521,520,3740829,N/A,N/A,160,3320,Zona Oeste - São Paulo,-23.496022,-46.6772285,True,05:00,18:00,2025-05-16,01:27:05
,9,519,518,3740784,N/A,N/A,540,3480,Zona Leste - São Paulo,-23.5227677,-46.5924086,True,05:00,18:00,2025-05-16,01:27:05
,10,518,517,3740499,N/A,N/A,80,4020,Zona Norte - São Paulo,-22.82194,-47.26694,True,05:00,18:00,2025-05-16,01:27:05
,11,517,516,3740819,N/A,N/A,200,4100,Zona Norte - São Paulo,-22.0,-49.0,True,05:00,18:00,2025-05-16,01:27:05
,12,516,515,3740324,N/A,N/A,60,4300,Zona Norte - São Paulo,-21.2639265,-48.5110736,True,05:00,18:00,2025-05-16,01:27:05
,13,515,514,3740922,N/A,N/A,340,4360,Zona Sul - São Paulo,-23.6307077,-46.6045437,True,05:00,18:00,2025-05-16,01:27:05
,14,514,513,3740684,N/A,N/A,80,4700,Centro - São Paulo,-23.5475,-46.63611,True,05:00,18:00,2025-05-16,01:27:05
,15,511,510,3741007,N/A,N/A,200,4780,Zona Oeste - São Paulo,-23.48442,-46.6586,True,05:00,18:00,2025-05-16,01:27:05
,1,546,545,3740479,N/A,N/A,320,0,Zona Leste - São Paulo,-23.5542277,-46.4832701,True,05:00,18:00,2025-05-16,01:27:05
,2,543,542,3740164,N/A,N/A,92,320,Zona Leste - São Paulo,-23.5233272,-46.4251563,True,05:00,18:00,2025-05-16,01:27:05
,3,542,541,3740558,N/A,N/A,200,412,Zona Oeste - São Paulo,-23.55,-46.61667,True,05:00,18:00,2025-05-16,01:27:05
,4,540,539,3741004,N/A,N/A,160,612,Zona Norte - São Paulo,-20.48333,-50.01667,True,05:00,18:00,2025-05-16,01:27:05
,5,539,538,3740229,N/A,N/A,94,772,Centro - São Paulo,-23.5475,-46.63611,True,05:00,18:00,2025-05-16,01:27:05
,6,538,537,3740884,N/A,N/A,120,866,Zona Leste - São Paulo,-23.4861636,-46.5784059,True,05:00,18:00,2025-05-16,01:27:05
,7,536,535,3740975,N/A,N/A,506,986,Zona Norte - São Paulo,-23.4669058,-46.5811562,True,05:00,18:00,2025-05-16,01:27:05
,8,534,533,3740440,N/A,N/A,100,1492,Zona Oeste - São Paulo,-23.5187703,-46.7053525,True,05:00,18:00,2025-05-16,01:27:05
,9,533,532,3740654,N/A,N/A,75,1592,Zona Sul - São Paulo,-23.6038195,-46.5381379,True,05:00,18:00,2025-05-16,01:27:05
,10,532,531,3740906,N/A,N/A,80,1667,Zona Oeste - São Paulo,-23.496633,-46.704758,True,05:00,18:00,2025-05-16,01:27:05
,11,531,530,3740124,N/A,N/A,120,1747,Zona Oeste - São Paulo,-23.596056,-46.782882,True,05:00,18:00,2025-05-16,01:27:05
,12,530,529,3740926,N/A,N/A,270,1867,Zona Leste - São Paulo,-23.5430969,-46.5476141,True,05:00,18:00,2025-05-16,01:27:05
,13,529,528,3740749,N/A,N/A,100,2137,Zona Oeste - São Paulo,-23.5742361,-46.6560882,True,05:00,18:00,2025-05-16,01:27:05
,14,528,527,3740651,N/A,N/A,100,2237,Zona Sul - São Paulo,-23.7577354,-46.70655,True,05:00,18:00,2025-05-16,01:27:05
,15,527,526,3740753,N/A,N/A,60,2337,Zona Oeste - São Paulo,-23.511968,-46.6159879,True,05:00,18:00,2025-05-16,01:27:05
,16,387,386,3740781,N/A,N/A,40,2397,São José Dos Campos,-23.2298571,-45.8861203,True,05:00,18:00,2025-05-16,01:27:05
,1,559,558,3740168,N/A,N/A,440,0,Zona Norte - São Paulo,-23.4762246,-46.7478914,True,05:00,18:00,2025-05-16,01:27:05
,2,558,557,3740134,N/A,N/A,260,440,Zona Norte - São Paulo,-23.4762246,-46.7478914,True,05:00,18:00,2025-05-16,01:27:05
,3,557,556,3740897,N/A,N/A,175,700,Zona Oeste - São Paulo,-23.5406793,-46.7169032,True,05:00,18:00,2025-05-16,01:27:05
,4,556,555,3740561,N/A,N/A,180,875,Zona Sul - São Paulo,-23.6252244,-46.611855,True,05:00,18:00,2025-05-16,01:27:05
,5,555,554,3740165,N/A,N/A,180,1055,Zona Leste - São Paulo,-23.4870492,-46.5990058,True,05:00,18:00,2025-05-16,01:27:05
,6,553,552,3739807,N/A,N/A,340,1235,Centro - São Paulo,-23.5475,-46.63611,True,05:00,18:00,2025-05-16,01:27:05
,7,552,551,3740967,N/A,N/A,160,1575,Centro - São Paulo,-23.5475,-46.63611,True,05:00,18:00,2025-05-16,01:27:05
,8,551,550,3740371,N/A,N/A,415,1735,Zona Oeste - São Paulo,-23.5227167,-46.7104308,True,05:00,18:00,2025-05-16,01:27:05
,9,550,549,3740845,N/A,N/A,80,2150,Zona Oeste - São Paulo,-23.5338774,-46.6672178,True,05:00,18:00,2025-05-16,01:27:05
,10,549,548,3740476,N/A,N/A,120,2230,Zona Oeste - São Paulo,-23.515852,-46.7207453,True,05:00,18:00,2025-05-16,01:27:05
,11,548,547,3740155,N/A,N/A,100,2350,Zona Sul - São Paulo,-23.6531847,-46.7102133,True,05:00,18:00,2025-05-16,01:27:05
,12,547,546,3740932,N/A,N/A,240,2450,Zona Norte - São Paulo,-23.4598445,-46.6986945,True,05:00,18:00,2025-05-16,01:27:05
,13,545,544,3740126,N/A,N/A,100,2690,Zona Sul - São Paulo,-23.635819,-46.7592408,True,05:00,18:00,2025-05-16,01:27:05
,14,544,543,3740638,N/A,N/A,95,2790,Zona Leste - São Paulo,-23.48663,-46.56651,True,05:00,18:00,2025-05-16,01:27:05
DNE6G24,15,191,190,3740573,N/A,N/A,80,2885,Itupeva,-23.1624922,-47.0454896,,05:00,18:00,2025-05-16,01:27:05
,1,571,570,3741028,N/A,N/A,120,0,Centro - São Paulo,-23.5475,-46.63611,True,05:00,18:00,2025-05-16,01:27:05
,2,570,569,3740984,N/A,N/A,200,120,Zona Oeste - São Paulo,-23.5002484,-46.6204722,True,05:00,18:00,2025-05-16,01:27:05
,3,569,568,3740442,N/A,N/A,100,320,Zona Oeste - São Paulo,-23.5440225,-46.7487484,True,05:00,18:00,2025-05-16,01:27:05
,4,568,567,3740929,N/A,N/A,300,420,Centro - São Paulo,-23.5475,-46.63611,True,05:00,18:00,2025-05-16,01:27:05
,5,567,566,3740976,N/A,N/A,100,720,Centro - São Paulo,-23.5475,-46.63611,True,05:00,18:00,2025-05-16,01:27:05
,6,566,565,3740965,N/A,N/A,140,820,Centro - São Paulo,-23.5475,-46.63611,True,05:00,18:00,2025-05-16,01:27:05
,7,565,564,3740806,N/A,N/A,600,960,Centro - São Paulo,-23.5475,-46.63611,True,05:00,18:00,2025-05-16,01:27:05
,8,564,563,3740680,N/A,N/A,75,1560,Zona Norte - São Paulo,-23.34969,-46.74632,True,05:00,18:00,2025-05-16,01:27:05
,9,563,562,3740679,N/A,N/A,160,1635,Centro - São Paulo,-23.5475,-46.63611,True,05:00,18:00,2025-05-16,01:27:05
,10,562,561,3740604,N/A,N/A,140,1795,Centro - São Paulo,-23.5475,-46.63611,True,05:00,18:00,2025-05-16,01:27:05
,11,561,560,3740826,N/A,N/A,210,1935,Zona Leste - São Paulo,-23.5988682,-46.5962176,True,05:00,18:00,2025-05-16,01:27:05
,12,560,559,3740243,N/A,N/A,120,2145,Zona Sul - São Paulo,-23.6130408,-46.5972138,True,05:00,18:00,2025-05-16,01:27:05
,13,554,553,3740740,N/A,N/A,120,2265,Centro - São Paulo,-23.5475,-46.63611,True,05:00,18:00,2025-05-16,01:27:05
DPE5057,14,179,178,3740895,N/A,N/A,100,2385,Itu,-23.2798294,-47.298724,,05:00,18:00,2025-05-16,01:27:05
,1,605,604,3740893,N/A,N/A,80,0,Zona Leste - São Paulo,-23.5489677,-46.5607487,True,05:00,18:00,2025-05-16,01:27:05
,2,580,579,3740605,N/A,N/A,680,80,Zona Sul - São Paulo,-23.6332458,-46.6371398,True,05:00,18:00,2025-05-16,01:27:05
HFU1B60,3,577,576,3740632,N/A,N/A,160,760,Zona Oeste - São Paulo,-23.569768,-46.6262303,True,05:00,18:00,2025-05-16,01:27:05
,4,576,575,3740606,N/A,N/A,100,920,Zona Leste - São Paulo,-23.5226024,-46.5900265,True,05:00,18:00,2025-05-16,01:27:05
,5,575,574,3740149,N/A,N/A,180,1020,Zona Leste - São Paulo,-23.5218536,-46.5170071,True,05:00,18:00,2025-05-16,01:27:05
,6,574,573,3740620,N/A,N/A,90,1200,Zona Leste - São Paulo,-23.50861,-46.35583,True,05:00,18:00,2025-05-16,01:27:05
,7,572,571,3740435,N/A,N/A,220,1290,Zona Leste - São Paulo,-23.5399002,-46.5029158,True,05:00,18:00,2025-05-16,01:27:05
,1,590,589,3740664,N/A,N/A,140,0,Zona Leste - São Paulo,-23.5631412,-46.5851009,True,05:00,18:00,2025-05-16,01:27:05
HFU1B60,2,589,588,3740795,N/A,N/A,215,140,Zona Oeste - São Paulo,-23.5372628,-46.6197338,True,05:00,18:00,2025-05-16,01:27:05
,3,588,587,3740726,N/A,N/A,200,355,Centro - São Paulo,-23.5475,-46.63611,True,05:00,18:00,2025-05-16,01:27:05
,4,587,586,3740551,N/A,N/A,120,555,Centro - São Paulo,-23.5475,-46.63611,True,05:00,18:00,2025-05-16,01:27:05
,5,585,584,3740384,N/A,N/A,100,675,Zona Sul - São Paulo,-23.60583,-46.47889,True,05:00,18:00,2025-05-16,01:27:05
,6,584,583,3740592,N/A,N/A,60,775,Zona Sul - São Paulo,-23.6520726,-46.789662,True,05:00,18:00,2025-05-16,01:27:05
,7,583,582,3740591,N/A,N/A,80,835,Zona Sul - São Paulo,-23.6520726,-46.789662,True,05:00,18:00,2025-05-16,01:27:05
,8,582,581,3740872,N/A,N/A,200,915,Centro - São Paulo,-23.5475,-46.63611,True,05:00,18:00,2025-05-16,01:27:05
,9,581,580,3740631,N/A,N/A,60,1115,Zona Sul - São Paulo,-23.6332458,-46.6371398,True,05:00,18:00,2025-05-16,01:27:05
HFU1B60,10,578,577,3740924,N/A,N/A,100,1175,Zona Oeste - São Paulo,-23.5393113,-46.6190086,True,05:00,18:00,2025-05-16,01:27:05
,11,573,572,3740928,N/A,N/A,80,1275,Centro - São Paulo,-23.5475,-46.63611,True,05:00,18:00,2025-05-16,01:27:05
DNE6G24,12,189,188,3740552,N/A,N/A,180,1355,Itupeva,-23.15306,-47.05778,,05:00,18:00,2025-05-16,01:27:05
,1,615,614,3740691,N/A,N/A,1230,0,Zona Leste - São Paulo,-23.5386385,-46.4308871,True,05:00,18:00,2025-05-16,01:27:05
HFU1B60,2,611,610,3740730,N/A,N/A,100,1230,Zona Oeste - São Paulo,-23.5838463,-46.672325,True,05:00,18:00,2025-05-16,01:27:05
HFU1B60,3,610,609,3740369,N/A,N/A,240,1330,Zona Oeste - São Paulo,-23.5562987,-46.6752444,True,05:00,18:00,2025-05-16,01:27:05
HFU1B60,4,609,608,3740524,N/A,N/A,510,1570,Zona Oeste - São Paulo,-23.593603,-46.6360456,True,05:00,18:00,2025-05-16,01:27:05
HFU1B60,5,608,607,3741001,N/A,N/A,135,2080,Zona Oeste - São Paulo,-23.4965576,-46.6280895,True,05:00,18:00,2025-05-16,01:27:05
HFU1B60,6,607,606,3740995,N/A,N/A,150,2215,Zona Oeste - São Paulo,-23.5059366,-46.7161322,True,05:00,18:00,2025-05-16,01:27:05
HFU1B60,7,606,605,3740151,N/A,N/A,120,2365,Zona Oeste - São Paulo,-23.5769521,-46.7078899,True,05:00,18:00,2025-05-16,01:27:05
,8,604,603,3740865,N/A,N/A,155,2485,Zona Leste - São Paulo,-23.5482754,-46.563284,True,05:00,18:00,2025-05-16,01:27:05
,9,603,602,3740863,N/A,N/A,100,2640,Centro - São Paulo,-23.5475,-46.63611,True,05:00,18:00,2025-05-16,01:27:05
,10,602,601,3740862,N/A,N/A,190,2740,Zona Leste - São Paulo,-23.5806907,-46.5855316,True,05:00,18:00,2025-05-16,01:27:05
,11,601,600,3740861,N/A,N/A,135,2930,Zona Leste - São Paulo,-23.5893222,-46.5760476,True,05:00,18:00,2025-05-16,01:27:05
,12,600,599,3740860,N/A,N/A,155,3065,Zona Leste - São Paulo,-23.55801,-46.59508,True,05:00,18:00,2025-05-16,01:27:05
,13,599,598,3740856,N/A,N/A,100,3220,Zona Leste - São Paulo,-23.5664331,-46.5979351,True,05:00,18:00,2025-05-16,01:27:05
HFU1B60,14,598,597,3740152,N/A,N/A,160,3320,Zona Oeste - São Paulo,-23.5495916,-46.6980264,True,05:00,18:00,2025-05-16,01:27:05
,15,597,596,3740358,N/A,N/A,195,3480,Zona Norte - São Paulo,-7.76667,-72.6,True,05:00,18:00,2025-05-16,01:27:05
,16,596,595,3740832,N/A,N/A,400,3675,Zona Sul - São Paulo,-23.635652,-46.6399683,True,05:00,18:00,2025-05-16,01:27:05
HFU1B60,17,595,594,3740469,N/A,N/A,145,4075,Zona Oeste - São Paulo,-23.5220098,-46.7114385,True,05:00,18:00,2025-05-16,01:27:05
,18,594,593,3740563,N/A,N/A,300,4220,Centro - São Paulo,-23.5475,-46.63611,True,05:00,18:00,2025-05-16,01:27:05
,19,593,592,3740599,N/A,N/A,100,4520,Zona Leste - São Paulo,-23.5686126,-46.5793677,True,05:00,18:00,2025-05-16,01:27:05
,20,592,591,3740681,N/A,N/A,305,4620,Centro - São Paulo,-23.5475,-46.63611,True,05:00,18:00,2025-05-16,01:27:05
,21,591,590,3740986,N/A,N/A,320,4925,Zona Norte - São Paulo,-23.4719455,-46.5994511,True,05:00,18:00,2025-05-16,01:27:05
HFU1B60,22,586,585,3740598,N/A,N/A,80,5245,Zona Oeste - São Paulo,-23.5314722,-46.622215,True,05:00,18:00,2025-05-16,01:27:05
DNE6G24,23,193,192,3739349,N/A,N/A,640,5325,Itupeva,-23.1548565,-47.0544653,,05:00,18:00,2025-05-16,01:27:05
,1,616,615,3740692,N/A,N/A,2400,0,Centro - São Paulo,-23.5475,-46.63611,True,05:00,18:00,2025-05-16,01:27:05
,2,613,612,3740782,N/A,N/A,234,2400,Centro - São Paulo,-23.5475,-46.63611,True,05:00,18:00,2025-05-16,01:27:05
HFU1B60,3,612,611,3740361,N/A,N/A,140,2634,Zona Oeste - São Paulo,-23.55242,-46.65735,True,05:00,18:00,2025-05-16,01:27:05
DPE5057,4,181,180,3740215,N/A,N/A,80,2774,Itu,-23.26417,-47.29917,,05:00,18:00,2025-05-16,01:27:05
HFU1B60,1,628,627,3740122,N/A,N/A,220,0,Zona Oeste - São Paulo,-23.5996044,-46.6653552,True,05:00,18:00,2025-05-16,01:27:05
HFU1B60,2,627,626,3740127,N/A,N/A,220,220,Zona Oeste - São Paulo,-23.5951062,-46.7178467,True,05:00,18:00,2025-05-16,01:27:05
,3,626,625,3740128,N/A,N/A,320,440,Centro - São Paulo,-23.5475,-46.63611,True,05:00,18:00,2025-05-16,01:27:05
,4,625,624,3740123,N/A,N/A,220,760,Zona Leste - São Paulo,-23.5409791,-46.5552198,True,05:00,18:00,2025-05-16,01:27:05
HFU1B60,5,624,623,3740129,N/A,N/A,420,980,Zona Oeste - São Paulo,-23.5606538,-46.6928092,True,05:00,18:00,2025-05-16,01:27:05
,6,623,622,3740130,N/A,N/A,320,1400,Zona Oeste - São Paulo,-23.5222368,-46.7253714,True,05:00,18:00,2025-05-16,01:27:05
,7,622,621,3740195,N/A,N/A,180,1720,Zona Norte - São Paulo,-21.76806,-50.77167,True,05:00,18:00,2025-05-16,01:27:05
HFU1B60,8,620,619,3740323,N/A,N/A,100,1900,Zona Oeste - São Paulo,-23.527587,-46.6153585,True,05:00,18:00,2025-05-16,01:27:05
,9,619,618,3740136,N/A,N/A,240,2000,Zona Norte - São Paulo,-23.4516587,-46.7458602,True,05:00,18:00,2025-05-16,01:27:05
,10,618,617,3740328,N/A,N/A,95,2240,Zona Norte - São Paulo,-23.4331119,-46.4277298,True,05:00,18:00,2025-05-16,01:27:05
,11,617,616,3740938,N/A,N/A,347,2335,Zona Leste - São Paulo,-23.5392496,-46.5535832,True,05:00,18:00,2025-05-16,01:27:05
,12,614,613,3740729,N/A,N/A,100,2682,Zona Leste - São Paulo,-23.5542277,-46.4832701,True,05:00,18:00,2025-05-16,01:27:05
,13,384,383,3740677,N/A,N/A,36,2782,São José Dos Campos,-23.1953942,-45.8909157,True,05:00,18:00,2025-05-16,01:27:05
,1,642,641,3740386,N/A,N/A,60,0,São Vicente,-23.96306,-46.39194,True,05:00,18:00,2025-05-16,01:27:05
,2,641,640,3740988,N/A,N/A,100,60,São Vicente,-23.9659702,-46.4115062,True,05:00,18:00,2025-05-16,01:27:05
ELW4I91,3,640,639,3740550,N/A,N/A,100,160,São Sebastião,-23.7696947,-45.6553428,True,05:00,18:00,2025-05-16,01:27:05
ELW4I91,4,639,638,3740866,N/A,N/A,574,260,São Sebastião,-23.8103485,-45.4142886,True,05:00,18:00,2025-05-16,01:27:05
,5,638,637,3740471,N/A,N/A,300,834,São Sebastião,-23.7787604,-45.6145048,True,05:00,18:00,2025-05-16,01:27:05
ELW4I91,6,637,636,3739173,N/A,N/A,60,1134,São Sebastião,-23.7787604,-45.6145048,True,05:00,18:00,2025-05-16,01:27:05
,7,636,635,3740443,N/A,N/A,100,1194,São Roque,-23.4214027,-47.1647888,True,05:00,18:00,2025-05-16,01:27:05
,8,635,634,3740831,N/A,N/A,80,1294,São Roque,-23.605259,-47.165196,True,05:00,18:00,2025-05-16,01:27:05
,9,634,633,3740539,N/A,N/A,415,1374,Centro - São Paulo,-23.5429535,-46.6545662,True,05:00,18:00,2025-05-16,01:27:05
,10,633,632,3740115,N/A,N/A,220,1789,Centro - São Paulo,-23.5475,-46.63611,True,05:00,18:00,2025-05-16,01:27:05
,11,632,631,3740116,N/A,N/A,100,2009,Zona Oeste - São Paulo,-23.5603809,-46.6713758,True,05:00,18:00,2025-05-16,01:27:05
,12,631,630,3740117,N/A,N/A,220,2109,Zona Oeste - São Paulo,-23.4944879,-46.6263702,True,05:00,18:00,2025-05-16,01:27:05
,13,630,629,3740120,N/A,N/A,220,2329,Zona Oeste - São Paulo,-23.5374825,-46.654665,True,05:00,18:00,2025-05-16,01:27:05
,14,629,628,3740121,N/A,N/A,100,2549,Zona Oeste - São Paulo,-23.5315747,-46.6746778,True,05:00,18:00,2025-05-16,01:27:05
,15,621,620,3740761,N/A,N/A,120,2649,Zona Leste - São Paulo,-23.489062,-46.5744038,True,05:00,18:00,2025-05-16,01:27:05
,16,497,496,3740966,N/A,N/A,40,2769,Zona Leste - São Paulo,-23.59556,-46.52472,True,05:00,18:00,2025-05-16,01:27:05
DNE6G24,17,190,189,3740523,N/A,N/A,185,2809,Itupeva,-23.15306,-47.05778,,05:00,18:00,2025-05-16,01:27:05
,1,651,650,3740333,N/A,N/A,160,0,Sete Barras,-24.3821915,-47.9244964,True,05:00,18:00,2025-05-16,01:27:05
,2,650,649,3740459,N/A,N/A,300,160,Sete Barras,-24.3840612,-47.9284094,True,05:00,18:00,2025-05-16,01:27:05
,3,649,648,3740776,N/A,N/A,280,460,São Vicente,-23.96306,-46.39194,True,05:00,18:00,2025-05-16,01:27:05
,4,648,647,3740785,N/A,N/A,1080,740,São Vicente,-23.96306,-46.39194,True,05:00,18:00,2025-05-16,01:27:05
,5,647,646,3740472,N/A,N/A,160,1820,São Vicente,-23.9653414,-46.3869609,True,05:00,18:00,2025-05-16,01:27:05
,6,646,645,3740433,N/A,N/A,60,1980,São Vicente,-23.9653414,-46.3869609,True,05:00,18:00,2025-05-16,01:27:05
,7,645,644,3740376,N/A,N/A,60,2040,São Vicente,-23.9430138,-46.417987,True,05:00,18:00,2025-05-16,01:27:05
,8,644,643,3740453,N/A,N/A,160,2100,São Vicente,-23.96306,-46.39194,True,05:00,18:00,2025-05-16,01:27:05
,9,643,642,3740387,N/A,N/A,60,2260,São Vicente,-23.96306,-46.39194,True,05:00,18:00,2025-05-16,01:27:05
DPE5057,10,175,174,3740581,N/A,N/A,150,2320,Itu,-23.285001,-47.2893848,,05:00,18:00,2025-05-16,01:27:05
CUA0B94,1,656,655,3740144,N/A,N/A,2315,0,Sorocaba,-23.4901946,-47.4450244,True,05:00,18:00,2025-05-16,01:27:05
CUA0B94,2,652,651,3740470,N/A,N/A,120,2315,Sorocaba,-23.4520305,-47.3701706,True,05:00,18:00,2025-05-16,01:27:05
DPE5057,3,174,173,3740015,N/A,N/A,60,2435,Itu,-23.2825872,-47.2874574,,05:00,18:00,2025-05-16,01:27:05
CUA0B94,1,671,670,3740745,N/A,N/A,700,0,Sorocaba,-23.50167,-47.45806,True,05:00,18:00,2025-05-16,01:27:05
CUA0B94,2,666,665,3740139,N/A,N/A,270,700,Sorocaba,-23.4981851,-47.4607609,True,05:00,18:00,2025-05-16,01:27:05
CUA0B94,3,663,662,3740937,N/A,N/A,100,970,Sorocaba,-23.50167,-47.45806,True,05:00,18:00,2025-05-16,01:27:05
CUA0B94,4,662,661,3740186,N/A,N/A,300,1070,Sorocaba,-23.50167,-47.45806,True,05:00,18:00,2025-05-16,01:27:05
CUA0B94,5,660,659,3740873,N/A,N/A,475,1370,Sorocaba,-23.50167,-47.45806,True,05:00,18:00,2025-05-16,01:27:05
CUA0B94,6,658,657,3740220,N/A,N/A,140,1845,Sorocaba,-23.50167,-47.45806,True,05:00,18:00,2025-05-16,01:27:05
CUA0B94,7,657,656,3740735,N/A,N/A,160,1985,Sorocaba,-23.4262169,-47.4507064,True,05:00,18:00,2025-05-16,01:27:05
CUA0B94,8,654,653,3740834,N/A,N/A,160,2145,Sorocaba,-23.50167,-47.45806,True,05:00,18:00,2025-05-16,01:27:05
CUA0B94,9,653,652,3740843,N/A,N/A,80,2305,Sorocaba,-23.50167,-47.45806,True,05:00,18:00,2025-05-16,01:27:05
,10,520,519,3740564,N/A,N/A,55,2385,Zona Oeste - São Paulo,-23.5337193,-46.6286408,True,05:00,18:00,2025-05-16,01:27:05
DPE5057,11,178,177,3740228,N/A,N/A,60,2440,Itu,-23.2657287,-47.2974244,,05:00,18:00,2025-05-16,01:27:05
,1,689,688,3740230,N/A,N/A,3780,0,Várzea Paulista,-23.2104667,-46.8400222,True,05:00,18:00,2025-05-16,01:27:05
GAZ5J74,2,678,677,3741034,N/A,N/A,120,3780,Suzano,-23.642015,-46.3254909,False,05:00,18:00,2025-05-16,01:27:05
GAZ5J74,3,677,676,3741033,N/A,N/A,300,3900,Suzano,-23.6483044,-46.3141634,False,05:00,18:00,2025-05-16,01:27:05
,4,676,675,3740321,N/A,N/A,240,4200,Suzano,-23.5425,-46.31083,True,05:00,18:00,2025-05-16,01:27:05
CUA0B94,5,674,673,3740998,N/A,N/A,475,4440,Sorocaba,-23.4707582,-47.4550598,True,05:00,18:00,2025-05-16,01:27:05
CUA0B94,6,673,672,3740222,N/A,N/A,300,4915,Sorocaba,-23.5049803,-47.4635694,True,05:00,18:00,2025-05-16,01:27:05
CUA0B94,7,672,671,3741002,N/A,N/A,120,5215,Sorocaba,-23.50167,-47.45806,True,05:00,18:00,2025-05-16,01:27:05
CUA0B94,8,670,669,3740242,N/A,N/A,120,5335,Sorocaba,-23.50167,-47.45806,True,05:00,18:00,2025-05-16,01:27:05
CUA0B94,9,668,667,3740716,N/A,N/A,120,5455,Sorocaba,-23.50167,-47.45806,True,05:00,18:00,2025-05-16,01:27:05
CUA0B94,10,667,666,3739691,N/A,N/A,135,5575,Sorocaba,-23.50167,-47.45806,True,05:00,18:00,2025-05-16,01:27:05
CUA0B94,11,665,664,3740767,N/A,N/A,80,5710,Sorocaba,-23.518594,-47.4617053,True,05:00,18:00,2025-05-16,01:27:05
CUA0B94,12,664,663,3740772,N/A,N/A,120,5790,Sorocaba,-23.4175869,-47.4157972,True,05:00,18:00,2025-05-16,01:27:05
DPE5057,13,168,167,3740649,N/A,N/A,60,5910,Itu,-23.26417,-47.29917,,05:00,18:00,2025-05-16,01:27:05
GAL4H76,1,695,694,3740260,N/A,N/A,340,0,Vinhedo,-23.021575,-46.9864998,False,05:00,18:00,2025-05-16,01:27:05
GAL4H76,2,694,693,3740343,N/A,N/A,610,340,Vinhedo,-23.02972,-46.97528,False,05:00,18:00,2025-05-16,01:27:05
GAL4H76,3,693,692,3740218,N/A,N/A,98,950,Vinhedo,-23.02972,-46.97528,False,05:00,18:00,2025-05-16,01:27:05
,4,692,691,3740710,N/A,N/A,975,1048,Várzea Paulista,-23.21139,-46.82833,True,05:00,18:00,2025-05-16,01:27:05
,5,691,690,3740709,N/A,N/A,355,2023,Várzea Paulista,-23.21139,-46.82833,True,05:00,18:00,2025-05-16,01:27:05
,6,690,689,3740713,N/A,N/A,480,2378,Várzea Paulista,-23.220093,-46.8402839,True,05:00,18:00,2025-05-16,01:27:05
,7,688,687,3740808,N/A,N/A,200,2858,Vargem Grande Paulista,-21.83222,-46.89361,True,05:00,18:00,2025-05-16,01:27:05
,8,687,686,3740734,N/A,N/A,120,3058,Valinhos,-22.9703943,-46.9959798,True,05:00,18:00,2025-05-16,01:27:05
,9,686,685,3740247,N/A,N/A,896,3178,Valinhos,-22.9430217,-46.9981697,True,05:00,18:00,2025-05-16,01:27:05
,10,685,684,3740221,N/A,N/A,95,4074,Valinhos,-22.949446,-46.9813763,True,05:00,18:00,2025-05-16,01:27:05
,11,684,683,3740392,N/A,N/A,635,4169,Valinhos,-22.9780597,-46.9888118,True,05:00,18:00,2025-05-16,01:27:05
,12,683,682,3740234,N/A,N/A,200,4804,Tatuí,-23.3511231,-47.8440633,True,05:00,18:00,2025-05-16,01:27:05
CUA0B93,13,682,681,3740837,N/A,N/A,160,5004,Taboão Da Serra,-23.6288874,-46.7824264,True,05:00,18:00,2025-05-16,01:27:05
CUA0B93,14,681,680,3740850,N/A,N/A,115,5164,Taboão Da Serra,-23.6197473,-46.7716109,True,05:00,18:00,2025-05-16,01:27:05
CUA0B93,15,680,679,3740925,N/A,N/A,230,5279,Taboão Da Serra,-23.6056227,-46.779056,True,05:00,18:00,2025-05-16,01:27:05
CUA0B93,16,679,678,3740849,N/A,N/A,260,5509,Taboão Da Serra,-23.6204209,-46.7853307,True,05:00,18:00,2025-05-16,01:27:05
CUA0B94,17,669,668,3739702,N/A,N/A,110,5769,Sorocaba,-23.52819,-47.46832,False,05:00,18:00,2025-05-16,01:27:05
DPE5057,18,170,169,3740519,N/A,N/A,120,5879,Itu,-23.26417,-47.29917,,05:00,18:00,2025-05-16,01:27:05
,1,699,698,3740690,N/A,N/A,174,0,Votorantim,-23.5424384,-47.4636011,True,05:00,18:00,2025-05-16,01:27:05
GAL4H76,2,698,697,3740199,N/A,N/A,600,174,Vinhedo,-23.02972,-46.97528,False,05:00,18:00,2025-05-16,01:27:05
GAL4H76,3,697,696,3740200,N/A,N/A,320,774,Vinhedo,-23.02972,-46.97528,False,05:00,18:00,2025-05-16,01:27:05
GAL4H76,4,696,695,3739350,N/A,N/A,340,1094,Vinhedo,-23.0270563,-46.9783376,False,05:00,18:00,2025-05-16,01:27:05
CUA0B94,5,659,658,3740217,N/A,N/A,58,1434,Sorocaba,-23.50167,-47.45806,True,05:00,18:00,2025-05-16,01:27:05
DPE5057,6,171,170,3740763,N/A,N/A,100,1492,Itu,-23.26417,-47.29917,,05:00,18:00,2025-05-16,01:27:05
DPE5057,1,176,175,3740512,N/A,N/A,240,0,Itu,-23.26417,-47.29917,,05:00,18:00,2025-05-16,01:27:05
,1,109,108,3740337,N/A,N/A,500,0,Franco Da Rocha,-23.3344663,-46.7254136,True,05:00,18:00,2025-05-16,01:27:05
DAP8611,2,48,47,3740236,N/A,N/A,60,500,Caieiras,-23.36417,-46.74056,,05:00,18:00,2025-05-16,01:27:05
FCC1291,3,137,136,3740474,N/A,N/A,160,560,Guarulhos,-23.4390401,-46.5454237,,05:00,18:00,2025-05-16,01:27:05
FGE2H99,4,7,6,3740627,N/A,N/A,120,720,Atibaia,-23.1159954,-46.5492865,,05:00,18:00,2025-05-16,01:27:05
EJW3C69,5,196,195,3740208,N/A,N/A,60,840,Jacareí,-23.2639515,-45.9453678,,05:00,18:00,2025-05-16,01:27:05
CCU2E35,6,64,63,3740779,N/A,N/A,320,900,Campos Do Jordão,-22.7437125,-45.5964598,,05:00,18:00,2025-05-16,01:27:05
EJW3C69,7,195,194,3740207,N/A,N/A,40,1220,Jacareí,-23.2639515,-45.9453678,,05:00,18:00,2025-05-16,01:27:05
,8,39,38,3740601,N/A,N/A,75,1260,Bragança Paulista,-22.9806161,-46.5299192,True,05:00,18:00,2025-05-16,01:27:05
,9,40,39,3740658,N/A,N/A,120,1335,Bragança Paulista,-22.9521237,-46.546414,True,05:00,18:00,2025-05-16,01:27:05
DNE6G24,10,192,191,3740711,N/A,N/A,1270,1455,Itupeva,-23.15306,-47.05778,,05:00,18:00,2025-05-16,01:27:05
HEK9823,1,74,73,3740789,N/A,N/A,100,0,Carapicuíba,-23.52272,-46.835,,05:00,18:00,2025-05-16,01:27:05
EFW2915,2,113,112,3740391,N/A,N/A,60,100,Guarujá,-23.9999291,-46.273905,,05:00,18:00,2025-05-16,01:27:05
OJH3B65,3,91,90,3740720,N/A,N/A,100,160,Cubatão,-23.895,-46.42528,,05:00,18:00,2025-05-16,01:27:05
EFW2915,4,112,111,3740456,N/A,N/A,160,260,Guarujá,-23.9540438,-46.2912372,,05:00,18:00,2025-05-16,01:27:05
CZP2057,5,30,29,3740457,N/A,N/A,160,420,Bertioga,-23.8376018,-46.1298621,,05:00,18:00,2025-05-16,01:27:05
ECT9G84,6,165,164,3740357,N/A,N/A,140,580,Itaquaquecetuba,-23.48611,-46.34833,,05:00,18:00,2025-05-16,01:27:05
,7,33,32,3740630,N/A,N/A,160,720,Biritiba-Mirim,-23.5731197,-46.0391715,True,05:00,18:00,2025-05-16,01:27:05
ECT9G84,8,166,165,3740291,N/A,N/A,60,880,Itaquaquecetuba,-23.48611,-46.34833,,05:00,18:00,2025-05-16,01:27:05
DJC8783,9,20,19,3740770,N/A,N/A,210,940,Barueri,-23.4804833,-46.8052982,,05:00,18:00,2025-05-16,01:27:05
FCC1291,10,123,122,3740491,N/A,N/A,40,1150,Guarulhos,-23.4598137,-46.5328666,,05:00,18:00,2025-05-16,01:27:05
DJC8783,11,22,21,3740892,N/A,N/A,135,1190,Barueri,-23.4886307,-46.8133445,,05:00,18:00,2025-05-16,01:27:05
FCC1291,12,127,126,3740621,N/A,N/A,140,1325,Guarulhos,-23.46278,-46.53333,,05:00,18:00,2025-05-16,01:27:05
DJC8783,13,25,24,3740768,N/A,N/A,20,1465,Barueri,-23.4953736,-46.9513761,,05:00,18:00,2025-05-16,01:27:05
DPB7560,1,167,166,3740214,N/A,N/A,540,0,Itatiba,-23.00583,-46.83889,,05:00,18:00,2025-05-16,01:27:05
FGE2H99,2,17,16,3740265,N/A,N/A,230,540,Atibaia,-23.11694,-46.55028,,05:00,18:00,2025-05-16,01:27:05
FGE2H99,3,11,10,3740636,N/A,N/A,120,770,Atibaia,-23.11694,-46.55028,,05:00,18:00,2025-05-16,01:27:05
FGE2H99,4,10,9,3740626,N/A,N/A,135,890,Atibaia,-23.11694,-46.55028,,05:00,18:00,2025-05-16,01:27:05
FGE2H99,5,5,4,3740624,N/A,N/A,100,1025,Atibaia,-23.11694,-46.55028,,05:00,18:00,2025-05-16,01:27:05
FGE2H99,6,12,11,3740890,N/A,N/A,80,1125,Atibaia,-23.144885,-46.5797268,,05:00,18:00,2025-05-16,01:27:05
FCC1291,7,120,119,3740927,N/A,N/A,100,1205,Guarulhos,-23.43149,-46.51214,,05:00,18:00,2025-05-16,01:27:05
FTP7261,8,50,49,3740809,N/A,N/A,100,1305,Cajamar,-23.4094528,-46.8418675,,05:00,18:00,2025-05-16,01:27:05
FTP7261,9,49,48,3740553,N/A,N/A,140,1405,Cajamar,-23.35611,-46.87694,,05:00,18:00,2025-05-16,01:27:05
FTP7261,10,51,50,3740739,N/A,N/A,120,1545,Cajamar,-23.335462,-46.8284617,,05:00,18:00,2025-05-16,01:27:05
ETV0944,11,108,107,3740715,N/A,N/A,300,1665,Francisco Morato,-23.2868804,-46.7419955,,05:00,18:00,2025-05-16,01:27:05
FCC1291,1,119,118,3740516,N/A,N/A,20,0,Guarulhos,-23.46667,-46.46667,,05:00,18:00,2025-05-16,01:27:05
FOC8B49,2,97,96,3740194,N/A,N/A,520,20,Diadema,-23.6728106,-46.6037944,,05:00,18:00,2025-05-16,01:27:05
FOC8B49,3,101,100,3738443,N/A,N/A,120,540,Diadema,-23.7035411,-46.5949433,,05:00,18:00,2025-05-16,01:27:05
FOC8B49,4,99,98,3740973,N/A,N/A,100,660,Diadema,-23.6830194,-46.5922176,,05:00,18:00,2025-05-16,01:27:05
FOC8B49,5,100,99,3740743,N/A,N/A,705,760,Diadema,-23.68611,-46.62278,,05:00,18:00,2025-05-16,01:27:05
FOC8B49,6,98,97,3740844,N/A,N/A,110,1465,Diadema,-23.6682373,-46.6185895,,05:00,18:00,2025-05-16,01:27:05
ELW8912,7,151,150,3740375,N/A,N/A,60,1575,Itanhaém,-24.18306,-46.78889,,05:00,18:00,2025-05-16,01:27:05
OJH3B65,8,94,93,3740390,N/A,N/A,60,1635,Cubatão,-23.895,-46.42528,,05:00,18:00,2025-05-16,01:27:05
EFW2915,9,116,115,3740595,N/A,N/A,100,1695,Guarujá,-23.99306,-46.25639,,05:00,18:00,2025-05-16,01:27:05
OJH3B65,10,92,91,3740373,N/A,N/A,60,1795,Cubatão,-23.895,-46.42528,,05:00,18:00,2025-05-16,01:27:05
ELW8912,11,149,148,3740329,N/A,N/A,320,1855,Itanhaém,-24.18306,-46.78889,,05:00,18:00,2025-05-16,01:27:05
ETR3620,12,54,53,3740350,N/A,N/A,620,2175,Cajati,-24.7204053,-48.0979843,,05:00,18:00,2025-05-16,01:27:05
,13,142,141,3740232,N/A,N/A,235,2795,Iguape,-24.70806,-47.55528,True,05:00,18:00,2025-05-16,01:27:05
,14,655,654,3740143,N/A,N/A,1485,3030,Sorocaba,-23.52819,-47.46832,True,05:00,18:00,2025-05-16,01:27:05
CBM9C30,15,323,322,3740771,N/A,N/A,300,4515,Praia Grande,-24.00583,-46.40278,,05:00,18:00,2025-05-16,01:27:05
FCC1291,1,136,135,3740762,N/A,N/A,216,0,Guarulhos,-23.4737032,-46.5448854,,05:00,18:00,2025-05-16,01:27:05
HEK9823,2,71,70,3740665,N/A,N/A,1440,216,Carapicuíba,-23.5539916,-46.8262051,,05:00,18:00,2025-05-16,01:27:05
FCC1291,3,133,132,3740842,N/A,N/A,100,1656,Guarulhos,-23.46278,-46.53333,,05:00,18:00,2025-05-16,01:27:05
DJC8783,4,26,25,3740399,N/A,N/A,300,1756,Barueri,-23.4928532,-46.880312,,05:00,18:00,2025-05-16,01:27:05
DPE5057,1,169,168,3740652,N/A,N/A,260,0,Itu,-23.2558383,-47.3125982,,05:00,18:00,2025-05-16,01:27:05
FRU4951,2,36,35,3740821,N/A,N/A,350,260,Boituva,-23.2628736,-47.6716318,,05:00,18:00,2025-05-16,01:27:05
,3,155,154,3740537,N/A,N/A,280,610,Itapetininga,-23.563419,-48.0152876,True,05:00,18:00,2025-05-16,01:27:05
FRU4951,4,35,34,3740016,N/A,N/A,100,890,Boituva,-23.2858028,-47.6746236,,05:00,18:00,2025-05-16,01:27:05
FRU4951,5,34,33,3740396,N/A,N/A,270,990,Boituva,-23.28333,-47.67222,,05:00,18:00,2025-05-16,01:27:05
,6,156,155,3740538,N/A,N/A,210,1260,Itapetininga,-23.59167,-48.05306,True,05:00,18:00,2025-05-16,01:27:05
CUD1348,7,2,1,3740545,N/A,N/A,310,1470,Araçoiaba Da Serra,-23.5050525,-47.6182181,,05:00,18:00,2025-05-16,01:27:05
,8,163,162,3740736,N/A,N/A,180,1780,Itapevi,-23.5539135,-46.9384916,True,05:00,18:00,2025-05-16,01:27:05
,9,88,87,3740794,N/A,N/A,100,1960,Cotia,-23.60389,-46.91917,True,05:00,18:00,2025-05-16,01:27:05
,10,85,84,3740804,N/A,N/A,160,2060,Cotia,-23.60389,-46.91917,True,05:00,18:00,2025-05-16,01:27:05
,11,82,81,3740348,N/A,N/A,100,2220,Cotia,-23.60389,-46.91917,True,05:00,18:00,2025-05-16,01:27:05
,12,80,79,3740526,N/A,N/A,60,2320,Cotia,-23.60389,-46.91917,True,05:00,18:00,2025-05-16,01:27:05
FQC0E26,13,86,85,3740800,N/A,N/A,480,2380,Cotia,-23.60389,-46.91917,,05:00,18:00,2025-05-16,01:27:05
,14,157,156,3740647,N/A,N/A,1850,2860,Itapevi,-23.54889,-46.93417,True,05:00,18:00,2025-05-16,01:27:05
DPE5057,1,180,179,3740014,N/A,N/A,60,0,Itu,-23.26417,-47.29917,,05:00,18:00,2025-05-16,01:27:05
DMC6D21,2,68,67,3739262,N/A,N/A,370,60,Capivari,-22.995,-47.50778,,05:00,18:00,2025-05-16,01:27:05
DTV1411,3,140,139,3739439,N/A,N/A,2026,430,Hortolândia,-22.9074245,-47.1945135,,05:00,18:00,2025-05-16,01:27:05
IXB7J94,4,58,57,3740300,N/A,N/A,100,2456,Campinas,-22.90556,-47.06083,,05:00,18:00,2025-05-16,01:27:05
IXB7J94,5,59,58,3740985,N/A,N/A,120,2556,Campinas,-22.90556,-47.06083,,05:00,18:00,2025-05-16,01:27:05
DTV1411,6,139,138,3740197,N/A,N/A,240,2676,Hortolândia,-22.8535255,-47.1982364,,05:00,18:00,2025-05-16,01:27:05
DXG5743,7,1,0,3740911,N/A,N/A,220,2916,Americana,-22.7679745,-47.3267778,,05:00,18:00,2025-05-16,01:27:05
EVY1293,8,77,76,3740250,N/A,N/A,110,3136,Cordeirópolis,-22.48194,-47.45667,,05:00,18:00,2025-05-16,01:27:05
FCR5A61,9,138,137,3739121,N/A,N/A,320,3246,Holambra,-22.63306,-47.05556,,05:00,18:00,2025-05-16,01:27:05
IXB7J94,10,61,60,3740178,N/A,N/A,80,3566,Campinas,-22.8924024,-47.0272094,,05:00,18:00,2025-05-16,01:27:05
EFV0G08,11,199,198,3739609,N/A,N/A,60,3646,Jaguariúna,-22.6761408,-46.9920567,,05:00,18:00,2025-05-16,01:27:05
,12,14,13,3740544,N/A,N/A,80,3706,Atibaia,-23.118095,-46.5690266,True,05:00,18:00,2025-05-16,01:27:05
FGE2H99,13,15,14,3740268,N/A,N/A,120,3786,Atibaia,-23.1209541,-46.5575287,,05:00,18:00,2025-05-16,01:27:05
,14,3,2,3740588,N/A,N/A,75,3906,Atibaia,-23.1248363,-46.5514725,True,05:00,18:00,2025-05-16,01:27:05
FGE2H99,15,16,15,3740660,N/A,N/A,100,3981,Atibaia,-23.11694,-46.55028,,05:00,18:00,2025-05-16,01:27:05
,16,13,12,3740657,N/A,N/A,100,4081,Atibaia,-23.11694,-46.55028,True,05:00,18:00,2025-05-16,01:27:05
FCC1291,17,130,129,3740971,N/A,N/A,120,4181,Guarulhos,-23.423113,-46.4937482,,05:00,18:00,2025-05-16,01:27:05
,18,63,62,3740708,N/A,N/A,355,4301,Campo Limpo Paulista,-23.2104628,-46.7946342,True,05:00,18:00,2025-05-16,01:27:05
DNE6G24,19,188,187,3740582,N/A,N/A,60,4656,Itupeva,-23.1553979,-47.046005,,05:00,18:00,2025-05-16,01:27:05
FTA0472,1,42,41,3740444,N/A,N/A,207,0,Cabreúva,-23.2828843,-47.0587768,,05:00,18:00,2025-05-16,01:27:05
FTA0472,2,46,45,3740257,N/A,N/A,200,207,Cabreúva,-23.275325,-47.0495177,,05:00,18:00,2025-05-16,01:27:05
FTA0472,3,44,43,3740958,N/A,N/A,140,407,Cabreúva,-23.2440302,-47.0573721,,05:00,18:00,2025-05-16,01:27:05
FTA0472,4,43,42,3740359,N/A,N/A,60,547,Cabreúva,-23.2460826,-47.0575519,,05:00,18:00,2025-05-16,01:27:05
