Veículo,Sequencia,Node_Index_OR,Pedido_Index_DF,ID Pedido,Cliente,Endereço,Demanda,Carga_Acumulada,Latitude,Longitude
HTO3001,1,473,472,Pedido_472,N/A,N/A,700,0,-23.502317,-47.4507071
HTO3001,2,471,470,Pedido_470,N/A,N/A,705,700,-23.68611,-46.62278
HTO3001,3,470,469,Pedido_469,N/A,N/A,140,1405,-23.4957893,-46.5757236
HTO3001,4,468,467,Pedido_467,N/A,N/A,120,1545,-23.335462,-46.8284617
HTO3001,5,113,112,Pedido_112,N/A,N/A,60,1665,-23.565879,-46.8650012
HTO3001,6,116,115,Pedido_115,N/A,N/A,300,1725,-24.7404227,-48.121226
HTO3001,7,117,116,Pedido_116,N/A,N/A,150,2025,-23.4723641,-46.5997586
HTO3001,8,118,117,Pedido_117,N/A,N/A,120,2175,-23.50167,-47.45806
HTO3001,9,119,118,Pedido_118,N/A,N/A,120,2295,-23.6130408,-46.5972138
HTO3001,10,120,119,Pedido_119,N/A,N/A,896,2415,-22.9428235,-46.9990431
HTO3001,11,121,120,Pedido_120,N/A,N/A,60,3311,-23.18639,-46.88417
HTO3001,12,122,121,Pedido_121,N/A,N/A,170,3371,-22.3980124,-47.5936443
HTO3001,13,123,122,Pedido_122,N/A,N/A,110,3541,-22.48194,-47.45667
HTO3001,14,124,123,Pedido_123,N/A,N/A,120,3651,-23.5198227,-46.7936859
HTO3001,15,125,124,Pedido_124,N/A,N/A,145,3771,-23.474602,-46.8636024
HTO3001,16,126,125,Pedido_125,N/A,N/A,200,3916,-23.275325,-47.0495177
HTO3001,17,127,126,Pedido_126,N/A,N/A,160,4116,-23.96083,-46.33361
HTO3001,18,128,127,Pedido_127,N/A,N/A,115,4276,-24.2026378,-46.835336
HTO3001,19,129,128,Pedido_128,N/A,N/A,340,4391,-23.021575,-46.9864998
HTO3001,20,131,130,Pedido_130,N/A,N/A,230,4731,-23.11694,-46.55028
HTO3001,21,132,131,Pedido_131,N/A,N/A,110,4961,-23.05389,-46.35806
HTO3001,22,136,135,Pedido_135,N/A,N/A,620,5071,-22.70556,-46.98583
HTO3001,23,130,129,Pedido_129,N/A,N/A,60,5691,-23.10139,-46.72833
HTO3001,24,133,132,Pedido_132,N/A,N/A,115,5751,-23.31861,-46.58667
HTO3001,25,134,133,Pedido_133,N/A,N/A,120,5866,-23.1270049,-46.557701
HTO3001,26,135,134,Pedido_134,N/A,N/A,120,5986,-23.5541784,-46.6524183
HTO3001,27,137,136,Pedido_136,N/A,N/A,500,6106,-22.4466094,-47.5455028
HTO3001,28,138,137,Pedido_137,N/A,N/A,150,6606,-23.3038095,-45.9691587
HTO3001,29,139,138,Pedido_138,N/A,N/A,60,6756,-23.6277066,-46.9854168
HTO3001,30,141,140,Pedido_140,N/A,N/A,348,6816,-23.18639,-46.88417
HTO3001,31,142,141,Pedido_141,N/A,N/A,100,7164,-22.90556,-47.06083
HTO3001,32,643,642,Pedido_642,N/A,N/A,20,7264,-23.71694,-46.84917
HTO3001,33,84,83,Pedido_83,N/A,N/A,320,7284,-23.02972,-46.97528
HTO3001,34,83,82,Pedido_82,N/A,N/A,600,7604,-23.02972,-46.97528
HTO3001,35,82,81,Pedido_81,N/A,N/A,5000,8204,-23.54889,-46.93417
HTO3001,36,81,80,Pedido_80,N/A,N/A,240,13204,-22.8535255,-47.1982364
HTO3001,37,80,79,Pedido_79,N/A,N/A,700,13444,-23.54889,-46.93417
HTO3001,38,79,78,Pedido_78,N/A,N/A,180,14144,-21.76806,-50.77167
HTO3001,39,78,77,Pedido_77,N/A,N/A,520,14324,-23.6728106,-46.6037944
HTO3001,40,76,75,Pedido_75,N/A,N/A,375,14844,-23.69389,-46.565
HTO3001,41,75,74,Pedido_74,N/A,N/A,120,15219,-23.5339352,-46.6874622
HTO3001,42,74,73,Pedido_73,N/A,N/A,75,15339,-23.7142184,-46.7019877
HTO3001,43,73,72,Pedido_72,N/A,N/A,140,15414,-23.5475,-46.63611
HTO3001,44,72,71,Pedido_71,N/A,N/A,300,15554,-23.50167,-47.45806
HTO3001,45,71,70,Pedido_70,N/A,N/A,349,15854,-22.6830969,-46.9918713
HTO3001,46,70,69,Pedido_69,N/A,N/A,120,16203,-23.5672233,-46.6360806
HTO3001,47,69,68,Pedido_68,N/A,N/A,80,16323,-23.5990047,-46.6369432
HTO3001,48,68,67,Pedido_67,N/A,N/A,80,16403,-22.8924024,-47.0272094
HTO3001,49,67,66,Pedido_66,N/A,N/A,100,16483,-23.5389781,-46.7653358
HTO3001,50,66,65,Pedido_65,N/A,N/A,80,16583,-23.5251778,-46.5467519
HTO3001,51,65,64,Pedido_64,N/A,N/A,80,16663,-23.70114,-48.10404
HTO3001,52,64,63,Pedido_63,N/A,N/A,120,16743,-23.536284,-46.7376947
HTO3001,53,63,62,Pedido_62,N/A,N/A,98,16863,-23.5048653,-46.6409346
HTO3001,54,61,60,Pedido_60,N/A,N/A,440,16961,-23.4762246,-46.7478914
HTO3001,55,60,59,Pedido_59,N/A,N/A,180,17401,-23.4870492,-46.5990058
HTO3001,56,59,58,Pedido_58,N/A,N/A,92,17581,-23.5233272,-46.4251563
HTO3001,57,58,57,Pedido_57,N/A,N/A,300,17673,-23.4762218,-46.5644893
HTO3001,58,57,56,Pedido_56,N/A,N/A,100,17973,-21.48028,-56.13806
HTO3001,59,56,55,Pedido_55,N/A,N/A,120,18073,-23.6677389,-46.5334051
HTO3001,60,55,54,Pedido_54,N/A,N/A,100,18193,-23.6531847,-46.7102133
HTO3001,61,54,53,Pedido_53,N/A,N/A,160,18293,-23.5495916,-46.6980264
HTO3001,62,53,52,Pedido_52,N/A,N/A,120,18453,-23.5725279,-46.7043904
HTO3001,63,52,51,Pedido_51,N/A,N/A,180,18573,-23.5218536,-46.5170071
HTO3001,64,51,50,Pedido_50,N/A,N/A,2315,18753,-23.4901946,-47.4450244
HTO3001,65,50,49,Pedido_49,N/A,N/A,1485,21068,-23.52819,-47.46832
HTO3001,66,49,48,Pedido_48,N/A,N/A,120,22553,-23.17944,-45.88694
HTO3001,67,48,47,Pedido_47,N/A,N/A,140,22673,-23.20083,-47.28694
HTO3001,68,47,46,Pedido_46,N/A,N/A,270,22813,-23.4980894,-47.4605758
HTO3001,69,46,45,Pedido_45,N/A,N/A,60,23083,-23.2731589,-46.5904345
HTO3001,70,45,44,Pedido_44,N/A,N/A,240,23143,-23.4516587,-46.7458602
HTO3001,71,44,43,Pedido_43,N/A,N/A,260,23383,-23.4762246,-46.7478914
HTO3001,72,43,42,Pedido_42,N/A,N/A,320,23643,-23.5222368,-46.7253714
HTO3001,73,42,41,Pedido_41,N/A,N/A,420,23963,-23.5606538,-46.6928092
HTO3001,74,41,40,Pedido_40,N/A,N/A,320,24383,-23.5475,-46.63611
HTO3001,75,40,39,Pedido_39,N/A,N/A,220,24703,-23.5958042,-46.7142289
HTO3001,76,39,38,Pedido_38,N/A,N/A,100,24923,-23.635819,-46.7592408
HTO3001,77,38,37,Pedido_37,N/A,N/A,120,25023,-23.596056,-46.782882
HTO3001,78,37,36,Pedido_36,N/A,N/A,220,25143,-23.5409791,-46.5552198
HTO3001,79,36,35,Pedido_35,N/A,N/A,220,25363,-23.5996044,-46.6653552
HTO3001,80,35,34,Pedido_34,N/A,N/A,100,25583,-23.5315747,-46.6746778
HTO3001,81,34,33,Pedido_33,N/A,N/A,220,25683,-23.5374825,-46.654665
HTO3001,82,33,32,Pedido_32,N/A,N/A,320,25903,-23.51056,-46.87611
HTO3001,83,32,31,Pedido_31,N/A,N/A,220,26223,-0.05833,-51.18167
HTO3001,84,31,30,Pedido_30,N/A,N/A,220,26443,-23.4944879,-46.6263702
HTO3001,85,30,29,Pedido_29,N/A,N/A,100,26663,-23.5603809,-46.6713758
HTO3001,86,28,27,Pedido_27,N/A,N/A,100,26763,-23.2858028,-47.6746236
DTV1411,1,103,102,Pedido_102,N/A,N/A,300,0,-23.5049803,-47.4635694
DTV1411,2,102,101,Pedido_101,N/A,N/A,95,300,-22.949446,-46.9813763
DTV1411,3,101,100,Pedido_100,N/A,N/A,140,395,-23.50167,-47.45806
DTV1411,4,100,99,Pedido_99,N/A,N/A,432,535,-23.26417,-47.29917
DTV1411,5,99,98,Pedido_98,N/A,N/A,98,967,-23.02972,-46.97528
DTV1411,6,98,97,Pedido_97,N/A,N/A,58,1065,-23.50167,-47.45806
DTV1411,7,97,96,Pedido_96,N/A,N/A,80,1123,-23.26417,-47.29917
DTV1411,8,96,95,Pedido_95,N/A,N/A,540,1203,-23.00583,-46.83889
DTV1411,9,95,94,Pedido_94,N/A,N/A,60,1743,-23.1994672,-46.8896937
DTV1411,10,94,93,Pedido_93,N/A,N/A,260,1803,-23.9599623,-46.3415268
DTV1411,11,93,92,Pedido_92,N/A,N/A,120,2063,-24.00583,-46.40278
DTV1411,12,92,91,Pedido_91,N/A,N/A,1085,2183,-22.3869334,-47.5792418
DTV1411,13,91,90,Pedido_90,N/A,N/A,200,3268,-23.2166175,-46.8633255
DTV1411,14,90,89,Pedido_89,N/A,N/A,60,3468,-23.2639515,-45.9453678
DTV1411,15,88,87,Pedido_87,N/A,N/A,60,3528,-23.2639515,-45.9453678
DTV1411,16,87,86,Pedido_86,N/A,N/A,80,3588,-23.5658304,-46.6508381
DTV1411,17,86,85,Pedido_85,N/A,N/A,1005,3668,-23.54889,-46.93417
DTV1411,18,85,84,Pedido_84,N/A,N/A,7200,4673,-23.54889,-46.93417
DTV1411,19,77,76,Pedido_76,N/A,N/A,60,11873,-23.7112629,-46.5474498
DTV1411,20,62,61,Pedido_61,N/A,N/A,60,11933,-23.4532507,-46.4388941
HFU1B60,1,145,144,Pedido_144,N/A,N/A,6960,0,-23.4756552,-46.5718114
HFU1B60,2,115,114,Pedido_114,N/A,N/A,160,6960,-24.7297701,-48.135602
HFU1B60,3,114,113,Pedido_113,N/A,N/A,140,7120,-23.5475,-46.63611
HFU1B60,4,112,111,Pedido_111,N/A,N/A,60,7260,-23.36417,-46.74056
HFU1B60,5,111,110,Pedido_110,N/A,N/A,200,7320,-23.3511059,-47.8440746
HFU1B60,6,110,109,Pedido_109,N/A,N/A,235,7520,-24.70806,-47.55528
HFU1B60,7,109,108,Pedido_108,N/A,N/A,3780,7755,-23.2104667,-46.8400222
HFU1B60,8,108,107,Pedido_107,N/A,N/A,94,11535,-23.5475,-46.63611
HFU1B60,9,107,106,Pedido_106,N/A,N/A,60,11629,-23.2657218,-47.2983342
HFU1B60,10,106,105,Pedido_105,N/A,N/A,100,11689,-23.2053331,-47.3080198
HFU1B60,11,105,104,Pedido_104,N/A,N/A,100,11789,-23.5950063,-46.6896149
HFU1B60,12,104,103,Pedido_103,N/A,N/A,60,11889,-23.5959976,-46.8511558
CUA0B94,1,199,198,Pedido_198,N/A,N/A,60,0,-24.09306,-46.62083
CUA0B94,2,198,197,Pedido_197,N/A,N/A,100,60,-23.60583,-46.47889
CUA0B94,3,197,196,Pedido_196,N/A,N/A,60,160,-23.7485643,-46.5826605
CUA0B94,4,196,195,Pedido_195,N/A,N/A,130,220,-25.0069457,-47.9313292
CUA0B94,5,195,194,Pedido_194,N/A,N/A,410,350,-24.32,-46.99833
CUA0B94,6,194,193,Pedido_193,N/A,N/A,95,760,-24.498679,-47.8526184
CUA0B94,7,193,192,Pedido_192,N/A,N/A,390,855,-24.00583,-46.40278
CUA0B94,8,192,191,Pedido_191,N/A,N/A,76,1245,-22.74194,-46.90139
CUA0B94,9,191,190,Pedido_190,N/A,N/A,60,1321,-23.9999472,-46.4461932
CUA0B94,10,190,189,Pedido_189,N/A,N/A,60,1381,-23.9430138,-46.417987
CUA0B94,11,189,188,Pedido_188,N/A,N/A,60,1441,-24.18306,-46.78889
CUA0B94,12,188,187,Pedido_187,N/A,N/A,60,1501,-24.127765,-46.6898597
CUA0B94,13,187,186,Pedido_186,N/A,N/A,60,1561,-23.895,-46.42528
CUA0B94,14,186,185,Pedido_185,N/A,N/A,60,1621,-24.00583,-46.40278
CUA0B94,15,185,184,Pedido_184,N/A,N/A,415,1681,-23.5227167,-46.7104308
CUA0B94,16,184,183,Pedido_183,N/A,N/A,340,2096,-23.57374,-46.71936
CUA0B94,17,183,182,Pedido_182,N/A,N/A,240,2436,-23.5562987,-46.6752444
CUA0B94,18,182,181,Pedido_181,N/A,N/A,140,2676,-23.15306,-47.05778
CUA0B94,19,181,180,Pedido_180,N/A,N/A,140,2816,-22.7321,-43.36924
CUA0B94,20,180,179,Pedido_179,N/A,N/A,145,2956,-23.1827765,-46.9008306
CUA0B94,21,179,178,Pedido_178,N/A,N/A,300,3101,-23.5345723,-46.6244535
CUA0B94,22,178,177,Pedido_177,N/A,N/A,180,3401,-23.5345723,-46.6244535
CUA0B94,23,177,176,Pedido_176,N/A,N/A,140,3581,-23.5746722,-46.6351096
CUA0B94,24,176,175,Pedido_175,N/A,N/A,140,3721,-23.55242,-46.65735
CUA0B94,25,175,174,Pedido_174,N/A,N/A,100,3861,-23.2531631,-46.8549486
CUA0B94,26,174,173,Pedido_173,N/A,N/A,60,3961,-23.2460826,-47.0575519
CUA0B94,27,173,172,Pedido_172,N/A,N/A,195,4021,-7.76667,-72.6
CUA0B94,28,172,171,Pedido_171,N/A,N/A,140,4216,-23.48611,-46.34833
CUA0B94,29,171,170,Pedido_170,N/A,N/A,80,4356,-23.6844381,-46.5392872
CUA0B94,30,170,169,Pedido_169,N/A,N/A,80,4436,-22.7321,-43.36924
CUA0B94,31,169,168,Pedido_168,N/A,N/A,620,4516,-24.7204053,-48.0979843
CUA0B94,32,168,167,Pedido_167,N/A,N/A,74,5136,-24.3152139,-47.6323946
CUA0B94,33,167,166,Pedido_166,N/A,N/A,100,5210,-23.60389,-46.91917
CUA0B94,34,166,165,Pedido_165,N/A,N/A,260,5310,-23.5275,-46.9025
CUA0B94,35,165,164,Pedido_164,N/A,N/A,80,5570,-23.5475,-46.63611
CUA0B94,36,164,163,Pedido_163,N/A,N/A,610,5650,-23.02972,-46.97528
CUA0B94,37,163,162,Pedido_162,N/A,N/A,280,6260,-23.135,-46.46528
CUA0B94,38,162,161,Pedido_161,N/A,N/A,60,6540,-23.709775,-46.5395554
CUA0B94,39,161,160,Pedido_160,N/A,N/A,75,6600,-23.1793859,-46.9074326
CUA0B94,40,160,159,Pedido_159,N/A,N/A,500,6675,-23.3344663,-46.7254136
CUA0B94,41,159,158,Pedido_158,N/A,N/A,80,7175,-23.6191958,-46.5520096
CUA0B94,42,158,157,Pedido_157,N/A,N/A,160,7255,-24.3821915,-47.9244964
CUA0B94,43,157,156,Pedido_156,N/A,N/A,100,7415,-24.4956396,-47.8463054
CUA0B94,44,156,155,Pedido_155,N/A,N/A,200,7515,-23.9830219,-46.2060406
CUA0B94,45,154,153,Pedido_153,N/A,N/A,320,7715,-24.18306,-46.78889
CUA0B94,46,153,152,Pedido_152,N/A,N/A,95,8035,-23.4331119,-46.4277298
CUA0B94,47,152,151,Pedido_151,N/A,N/A,385,8130,-22.4357046,-47.5822843
CUA0B94,48,151,150,Pedido_150,N/A,N/A,55,8515,-23.1766107,-46.8982122
CUA0B94,49,150,149,Pedido_149,N/A,N/A,60,8570,-21.2639265,-48.5110736
CUA0B94,50,149,148,Pedido_148,N/A,N/A,100,8630,-23.527587,-46.6153585
CUA0B94,51,148,147,Pedido_147,N/A,N/A,160,8730,-23.4793728,-46.5819262
CUA0B94,52,147,146,Pedido_146,N/A,N/A,240,8890,-23.5425,-46.31083
CUA0B94,53,146,145,Pedido_145,N/A,N/A,355,9130,-23.52278,-46.18833
CUA0B94,54,144,143,Pedido_143,N/A,N/A,2350,9485,-23.47337,-46.6669789
CUA0B94,55,143,142,Pedido_142,N/A,N/A,80,11835,-23.626174,-46.5788138
CUA0B94,56,140,139,Pedido_139,N/A,N/A,60,11915,-23.48611,-46.34833
CUA0B93,1,257,256,Pedido_256,N/A,N/A,320,0,-23.5542277,-46.4832701
CUA0B93,2,256,255,Pedido_255,N/A,N/A,1850,320,-23.100585,-46.9781594
CUA0B93,3,254,253,Pedido_253,N/A,N/A,160,2170,-23.4390401,-46.5454237
CUA0B93,4,253,252,Pedido_252,N/A,N/A,100,2330,-23.963222,-46.3323295
CUA0B93,5,252,251,Pedido_251,N/A,N/A,160,2430,-23.9593943,-46.3987638
CUA0B93,6,251,250,Pedido_250,N/A,N/A,300,2590,-23.7787433,-45.6144153
CUA0B93,7,250,249,Pedido_249,N/A,N/A,120,2890,-23.4520305,-47.3701706
CUA0B93,8,249,248,Pedido_248,N/A,N/A,145,3010,-23.5220098,-46.7114385
CUA0B93,9,248,247,Pedido_247,N/A,N/A,264,3155,-22.43611,-46.82167
CUA0B93,10,247,246,Pedido_246,N/A,N/A,300,3419,-23.9458312,-46.3552528
CUA0B93,11,246,245,Pedido_245,N/A,N/A,160,3719,-24.0329352,-46.5216928
CUA0B93,12,245,244,Pedido_244,N/A,N/A,200,3879,-23.9999291,-46.273905
CUA0B93,13,244,243,Pedido_243,N/A,N/A,300,4079,-23.895,-46.42528
CUA0B93,14,243,242,Pedido_242,N/A,N/A,500,4379,-23.85444,-46.13861
CUA0B93,15,242,241,Pedido_241,N/A,N/A,200,4879,-23.9999472,-46.4461932
CUA0B93,16,241,240,Pedido_240,N/A,N/A,160,5079,-24.2936254,-46.9770747
CUA0B93,17,239,238,Pedido_238,N/A,N/A,300,5239,-24.3840612,-47.9284094
CUA0B93,18,238,237,Pedido_237,N/A,N/A,220,5539,-24.00583,-46.40278
CUA0B93,19,237,236,Pedido_236,N/A,N/A,160,5759,-23.8376018,-46.1298621
CUA0B93,20,236,235,Pedido_235,N/A,N/A,160,5919,-23.9540438,-46.2912372
CUA0B93,21,235,234,Pedido_234,N/A,N/A,500,6079,-23.895,-46.42528
CUA0B93,22,234,233,Pedido_233,N/A,N/A,160,6579,-23.96083,-46.33361
CUA0B93,23,233,232,Pedido_232,N/A,N/A,160,6739,-23.96306,-46.39194
CUA0B93,24,232,231,Pedido_231,N/A,N/A,160,6899,-24.127765,-46.6898597
CUA0B93,25,231,230,Pedido_230,N/A,N/A,160,7059,-24.09306,-46.62083
CUA0B93,26,230,229,Pedido_229,N/A,N/A,315,7219,-23.5613402,-46.79033
CUA0B93,27,229,228,Pedido_228,N/A,N/A,200,7534,-24.00583,-46.40278
CUA0B93,28,228,227,Pedido_227,N/A,N/A,207,7734,-23.2755188,-47.0599521
CUA0B93,29,227,226,Pedido_226,N/A,N/A,100,7941,-23.4214027,-47.1647888
CUA0B93,30,226,225,Pedido_225,N/A,N/A,100,8041,-23.5440225,-46.7487484
CUA0B93,31,225,224,Pedido_224,N/A,N/A,180,8141,-23.5298717,-46.7942864
CUA0B93,32,224,223,Pedido_223,N/A,N/A,100,8321,-23.5187703,-46.7053525
CUA0B93,33,223,222,Pedido_222,N/A,N/A,80,8421,-23.5325,-46.79167
CUA0B93,34,222,221,Pedido_221,N/A,N/A,100,8501,-23.52272,-46.835
CUA0B93,35,221,220,Pedido_220,N/A,N/A,90,8601,-23.3069129,-47.1334429
CUA0B93,36,220,219,Pedido_219,N/A,N/A,80,8691,-23.96083,-46.33361
CUA0B93,37,219,218,Pedido_218,N/A,N/A,220,8771,-23.5399002,-46.5029158
CUA0B93,38,218,217,Pedido_217,N/A,N/A,60,8991,-23.963222,-46.3323295
CUA0B93,39,217,216,Pedido_216,N/A,N/A,60,9051,-23.9593943,-46.3987638
CUA0B93,40,216,215,Pedido_215,N/A,N/A,60,9111,-24.0329352,-46.5216928
CUA0B93,41,215,214,Pedido_214,N/A,N/A,60,9171,-24.2936254,-46.9770747
CUA0B93,42,214,213,Pedido_213,N/A,N/A,300,9231,-23.534615,-46.9056476
CUA0B93,43,213,212,Pedido_212,N/A,N/A,300,9531,-23.4903445,-46.8786169
CUA0B93,44,212,211,Pedido_211,N/A,N/A,125,9831,-23.5049491,-46.7769148
CUA0B93,45,211,210,Pedido_210,N/A,N/A,240,9956,-23.5055776,-46.8092969
CUA0B93,46,210,209,Pedido_209,N/A,N/A,270,10196,-23.28333,-47.67222
CUA0B93,47,209,208,Pedido_208,N/A,N/A,400,10466,-24.32083,-47.63472
CUA0B93,48,208,207,Pedido_207,N/A,N/A,60,10866,-23.4465622,-46.4110879
CUA0B93,49,207,206,Pedido_206,N/A,N/A,60,10926,-23.8376018,-46.1298621
CUA0B93,50,206,205,Pedido_205,N/A,N/A,635,10986,-22.9780597,-46.9888118
CUA0B93,51,205,204,Pedido_204,N/A,N/A,60,11621,-23.9999291,-46.273905
CUA0B93,52,204,203,Pedido_203,N/A,N/A,60,11681,-23.895,-46.42528
CUA0B93,53,203,202,Pedido_202,N/A,N/A,60,11741,-23.85444,-46.13861
CUA0B93,54,202,201,Pedido_201,N/A,N/A,60,11801,-23.96083,-46.33361
CUA0B93,55,201,200,Pedido_200,N/A,N/A,60,11861,-23.96306,-46.39194
CUA0B93,56,200,199,Pedido_199,N/A,N/A,60,11921,-23.96306,-46.39194
SUG2E33,1,285,284,Pedido_284,N/A,N/A,100,0,-23.08639,-46.95056
SUG2E33,2,284,283,Pedido_283,N/A,N/A,120,100,-23.26417,-47.29917
SUG2E33,3,283,282,Pedido_282,N/A,N/A,160,220,-24.7323312,-48.1103442
SUG2E33,4,282,281,Pedido_281,N/A,N/A,590,380,-23.9593718,-46.3480246
SUG2E33,5,279,278,Pedido_278,N/A,N/A,105,970,-23.5174969,-46.6149398
SUG2E33,6,278,277,Pedido_277,N/A,N/A,240,1075,-23.26417,-47.29917
SUG2E33,7,277,276,Pedido_276,N/A,N/A,900,1315,-23.9715042,-46.3023726
SUG2E33,8,276,275,Pedido_275,N/A,N/A,140,2215,-24.28139,-47.45972
SUG2E33,9,275,274,Pedido_274,N/A,N/A,540,2355,-23.56729,-46.69232
SUG2E33,10,273,272,Pedido_272,N/A,N/A,100,2895,-23.5377965,-47.4660261
SUG2E33,11,272,271,Pedido_271,N/A,N/A,320,2995,-22.0,-49.0
SUG2E33,12,271,270,Pedido_270,N/A,N/A,80,3315,-23.6747014,-46.5915321
SUG2E33,13,270,269,Pedido_269,N/A,N/A,80,3395,-22.82194,-47.26694
SUG2E33,14,269,268,Pedido_268,N/A,N/A,140,3475,-23.4883423,-46.6142367
SUG2E33,15,268,267,Pedido_267,N/A,N/A,60,3615,-23.6340594,-46.5752863
SUG2E33,16,267,266,Pedido_266,N/A,N/A,120,3675,-23.5620377,-46.6659896
SUG2E33,17,266,265,Pedido_265,N/A,N/A,55,3795,-23.4644593,-46.5303663
SUG2E33,18,265,264,Pedido_264,N/A,N/A,100,3850,-23.4644593,-46.5303663
SUG2E33,19,263,262,Pedido_262,N/A,N/A,110,3950,-23.4830163,-46.5375843
SUG2E33,20,262,261,Pedido_261,N/A,N/A,100,4060,-23.5597828,-46.8138944
SUG2E33,21,261,260,Pedido_260,N/A,N/A,180,4160,-23.5475,-46.63611
SUG2E33,22,260,259,Pedido_259,N/A,N/A,155,4340,-22.932135,-47.0672406
SUG2E33,23,259,258,Pedido_258,N/A,N/A,240,4495,-23.99306,-46.25639
SUG2E33,24,258,257,Pedido_257,N/A,N/A,95,4735,-24.28139,-47.45972
SUG2E33,25,255,254,Pedido_254,N/A,N/A,120,4830,-23.515852,-46.7207453
FTU4F16,1,303,302,Pedido_302,N/A,N/A,415,0,-23.5429535,-46.6545662
FTU4F16,2,301,300,Pedido_300,N/A,N/A,280,415,-23.563419,-48.0152876
FTU4F16,3,299,298,Pedido_298,N/A,N/A,560,695,-23.6927638,-46.5586558
FTU4F16,4,298,297,Pedido_297,N/A,N/A,200,1255,-23.6100554,-46.9326524
FTU4F16,5,297,296,Pedido_296,N/A,N/A,150,1455,-23.5021947,-46.4645312
FTU4F16,6,296,295,Pedido_295,N/A,N/A,1460,1605,-23.71694,-46.84917
FTU4F16,7,295,294,Pedido_294,N/A,N/A,140,3065,-23.6040646,-46.6460655
FTU4F16,8,294,293,Pedido_293,N/A,N/A,340,3205,-24.0199067,-46.4894587
FTU4F16,9,293,292,Pedido_292,N/A,N/A,118,3545,-23.5147153,-46.5866614
FTU4F16,10,292,291,Pedido_291,N/A,N/A,140,3663,-23.9747386,-46.3091598
FTU4F16,11,291,290,Pedido_290,N/A,N/A,60,3803,-23.60389,-46.91917
FTU4F16,12,289,288,Pedido_288,N/A,N/A,510,3863,-23.593603,-46.6360456
FTU4F16,13,288,287,Pedido_287,N/A,N/A,185,4373,-23.15306,-47.05778
FTU4F16,14,287,286,Pedido_286,N/A,N/A,320,4558,-23.2215932,-46.8624959
FTU4F16,15,286,285,Pedido_285,N/A,N/A,100,4878,-23.3054129,-47.133016
ECT9G84,1,18,17,Pedido_17,N/A,N/A,2026,0,-22.9081539,-47.194098
ECT9G84,2,7,6,Pedido_6,N/A,N/A,370,2026,-22.995,-47.50778
ECT9G84,3,27,26,Pedido_26,N/A,N/A,60,2396,-23.2825872,-47.2874574
DPB7560,1,322,321,Pedido_321,N/A,N/A,300,0,-23.5475,-46.63611
DPB7560,2,321,320,Pedido_320,N/A,N/A,120,300,-23.5578807,-46.3669865
DPB7560,3,320,319,Pedido_319,N/A,N/A,180,420,-23.6252244,-46.611855
DPB7560,4,319,318,Pedido_318,N/A,N/A,2260,600,-23.476523,-46.6450418
DPB7560,5,317,316,Pedido_316,N/A,N/A,95,2860,-24.0347778,-46.5302849
DPE5057,1,328,327,Pedido_327,N/A,N/A,100,0,-23.5205292,-46.7534175
DPE5057,2,327,326,Pedido_326,N/A,N/A,100,100,-23.5205292,-46.7534175
DPE5057,3,326,325,Pedido_325,N/A,N/A,1070,200,-23.4704114,-46.6055149
DPE5057,4,325,324,Pedido_324,N/A,N/A,1420,1270,-23.4787794,-46.6088101
DPE5057,5,324,323,Pedido_323,N/A,N/A,220,2690,-23.5977232,-46.8415226
DPE5057,6,323,322,Pedido_322,N/A,N/A,55,2910,-23.5337146,-46.6286686
DNE6G24,1,357,356,Pedido_356,N/A,N/A,220,0,-23.4927223,-46.3885539
DNE6G24,2,356,355,Pedido_355,N/A,N/A,100,220,-23.5533733,-46.3447391
DNE6G24,3,355,354,Pedido_354,N/A,N/A,100,320,-23.5226024,-46.5900265
DNE6G24,4,354,353,Pedido_353,N/A,N/A,680,420,-23.6332458,-46.6371398
DNE6G24,5,353,352,Pedido_352,N/A,N/A,140,1100,-23.5475,-46.63611
DNE6G24,6,352,351,Pedido_351,N/A,N/A,205,1240,-25.0069457,-47.9313292
DNE6G24,7,351,350,Pedido_350,N/A,N/A,75,1445,-22.9806161,-46.5299192
DNE6G24,8,350,349,Pedido_349,N/A,N/A,95,1520,-23.060736,-46.3671408
DNE6G24,9,349,348,Pedido_348,N/A,N/A,100,1615,-23.5686126,-46.5793677
DNE6G24,10,348,347,Pedido_347,N/A,N/A,80,1715,-23.5314722,-46.622215
DNE6G24,11,347,346,Pedido_346,N/A,N/A,430,1795,-23.9687118,-46.3033049
DNE6G24,12,346,345,Pedido_345,N/A,N/A,180,2225,-23.0862536,-46.9806053
DNE6G24,13,345,344,Pedido_344,N/A,N/A,100,2405,-23.99306,-46.25639
DNE6G24,14,344,343,Pedido_343,N/A,N/A,120,2505,-23.3454526,-46.8424578
DNE6G24,15,343,342,Pedido_342,N/A,N/A,60,2625,-23.6520726,-46.789662
DNE6G24,16,342,341,Pedido_341,N/A,N/A,80,2685,-23.6520726,-46.789662
DNE6G24,17,341,340,Pedido_340,N/A,N/A,110,2765,-23.0538678,-46.3498227
DNE6G24,18,340,339,Pedido_339,N/A,N/A,70,2875,-23.135,-46.46528
DNE6G24,19,339,338,Pedido_338,N/A,N/A,75,2945,-23.1249196,-46.5512118
DNE6G24,20,338,337,Pedido_337,N/A,N/A,300,3020,-23.18111,-46.395
DNE6G24,21,337,336,Pedido_336,N/A,N/A,340,3320,-23.5250364,-46.4286611
DNE6G24,22,336,335,Pedido_335,N/A,N/A,300,3660,-23.5475,-46.63611
DNE6G24,23,335,334,Pedido_334,N/A,N/A,300,3960,-23.46278,-46.53333
DNE6G24,24,334,333,Pedido_333,N/A,N/A,60,4260,-23.1553979,-47.046005
DNE6G24,25,333,332,Pedido_332,N/A,N/A,150,4320,-23.285001,-47.2893848
DNE6G24,26,332,331,Pedido_331,N/A,N/A,115,4470,-23.219906,-45.8914207
DNE6G24,27,331,330,Pedido_330,N/A,N/A,155,4585,-23.6040646,-46.6460655
DNE6G24,28,330,329,Pedido_329,N/A,N/A,155,4740,-23.4644112,-46.5364085
DNE6G24,29,329,328,Pedido_328,N/A,N/A,80,4895,-23.1624922,-47.0454896
EJW3C69,1,371,370,Pedido_370,N/A,N/A,120,0,-23.1159122,-46.5488536
EJW3C69,2,370,369,Pedido_369,N/A,N/A,135,120,-23.11694,-46.55028
EJW3C69,3,369,368,Pedido_368,N/A,N/A,120,255,-23.1129695,-46.5555231
EJW3C69,4,368,367,Pedido_367,N/A,N/A,100,375,-23.11694,-46.55028
EJW3C69,5,367,366,Pedido_366,N/A,N/A,400,475,-23.5118251,-46.5797465
EJW3C69,6,366,365,Pedido_365,N/A,N/A,140,875,-23.46278,-46.53333
EJW3C69,7,365,364,Pedido_364,N/A,N/A,90,1015,-23.50861,-46.35583
EJW3C69,8,364,363,Pedido_363,N/A,N/A,260,1105,-23.6910052,-46.5552196
EJW3C69,9,363,362,Pedido_362,N/A,N/A,93,1365,-23.285001,-47.2893848
EJW3C69,10,362,361,Pedido_361,N/A,N/A,420,1458,-23.24389,-46.55222
EJW3C69,11,361,360,Pedido_360,N/A,N/A,280,1878,-23.493,-46.43646
EJW3C69,12,360,359,Pedido_359,N/A,N/A,60,2158,-23.46278,-46.53333
EJW3C69,13,359,358,Pedido_358,N/A,N/A,80,2218,-23.5708485,-46.627986
EJW3C69,14,358,357,Pedido_357,N/A,N/A,200,2298,-24.00583,-46.40278
EFV0G08,1,383,382,Pedido_382,N/A,N/A,800,0,-23.66778,-46.46139
EFV0G08,2,379,378,Pedido_378,N/A,N/A,240,800,-23.523624,-46.6500239
EFV0G08,3,378,377,Pedido_377,N/A,N/A,645,1040,-23.5325,-46.79167
EFV0G08,4,376,375,Pedido_375,N/A,N/A,160,1685,-23.569768,-46.6262303
EFV0G08,5,374,373,Pedido_373,N/A,N/A,160,1845,-23.5731197,-46.0391715
EFV0G08,6,373,372,Pedido_372,N/A,N/A,80,2005,-20.85028,-50.09167
EFV0G08,7,372,371,Pedido_371,N/A,N/A,370,2085,-20.85028,-50.09167
EFV0G08,8,89,88,Pedido_88,N/A,N/A,40,2455,-23.2639515,-45.9453678
FRO2630,1,402,401,Pedido_401,N/A,N/A,1440,0,-23.5539916,-46.8262051
FRO2630,2,387,386,Pedido_386,N/A,N/A,1850,1440,-23.54889,-46.93417
FRO2630,3,386,385,Pedido_385,N/A,N/A,360,3290,-23.51056,-46.87611
FRO2630,4,385,384,Pedido_384,N/A,N/A,520,3650,-23.6610006,-46.7093906
FRO2630,5,384,383,Pedido_383,N/A,N/A,380,4170,-23.5439803,-46.5838146
FRO2630,6,382,381,Pedido_381,N/A,N/A,95,4550,-23.48663,-46.56651
FRO2630,7,381,380,Pedido_380,N/A,N/A,120,4645,-23.1132176,-46.5569796
FRO2630,8,380,379,Pedido_379,N/A,N/A,120,4765,-23.11694,-46.55028
FRO2630,9,377,376,Pedido_376,N/A,N/A,100,4885,-23.9611553,-46.2525505
EKH9G13,1,409,408,Pedido_408,N/A,N/A,1765,0,-23.5453399,-46.2583235
EKH9G13,2,398,397,Pedido_397,N/A,N/A,100,1765,-23.11694,-46.55028
EKH9G13,3,397,396,Pedido_396,N/A,N/A,120,1865,-23.2058183,-46.5886085
EKH9G13,4,396,395,Pedido_395,N/A,N/A,120,1985,-22.9521237,-46.546414
EKH9G13,5,395,394,Pedido_394,N/A,N/A,100,2105,-23.11694,-46.55028
EKH9G13,6,394,393,Pedido_393,N/A,N/A,120,2205,-23.0445236,-46.5692836
EKH9G13,7,393,392,Pedido_392,N/A,N/A,180,2325,-23.2280037,-45.9124721
EKH9G13,8,391,390,Pedido_390,N/A,N/A,260,2505,-23.2558383,-47.3125982
EKH9G13,9,390,389,Pedido_389,N/A,N/A,100,2765,-23.7576681,-46.704948
EKH9G13,10,388,387,Pedido_387,N/A,N/A,60,2865,-23.26417,-47.29917
EKH9G13,11,375,374,Pedido_374,N/A,N/A,60,2925,-23.6332458,-46.6371398
FGE2H99,1,407,406,Pedido_406,N/A,N/A,130,0,-23.54889,-46.93417
FGE2H99,2,406,405,Pedido_405,N/A,N/A,275,130,-23.711478,-46.8570274
FGE2H99,3,405,404,Pedido_404,N/A,N/A,400,405,-23.5354173,-46.4522131
FGE2H99,4,404,403,Pedido_403,N/A,N/A,120,805,-23.2645744,-47.2828289
FGE2H99,5,403,402,Pedido_402,N/A,N/A,140,925,-23.5475,-46.63611
FGE2H99,6,401,400,Pedido_400,N/A,N/A,140,1065,-23.5631412,-46.5851009
FGE2H99,7,399,398,Pedido_398,N/A,N/A,280,1205,-23.5996855,-46.8473029
FYX1241,1,426,425,Pedido_425,N/A,N/A,2400,0,-23.5475,-46.63611
FYX1241,2,423,422,Pedido_422,N/A,N/A,1920,2400,-23.541155,-46.365145
FYX1241,3,410,409,Pedido_409,N/A,N/A,220,4320,-23.1953942,-45.8909157
FYX1241,4,408,407,Pedido_407,N/A,N/A,360,4540,-23.5266948,-46.8948766
FYX1241,5,400,399,Pedido_399,N/A,N/A,80,4900,-23.2642243,-47.280937
HEX8I67,1,429,428,Pedido_428,N/A,N/A,1645,0,-23.5088206,-46.4894631
HEX8I67,2,415,414,Pedido_414,N/A,N/A,75,1645,-23.34969,-46.74632
HEX8I67,3,414,413,Pedido_413,N/A,N/A,160,1720,-23.5475,-46.63611
HEX8I67,4,413,412,Pedido_412,N/A,N/A,290,1880,-22.41139,-47.56139
HEX8I67,5,411,410,Pedido_410,N/A,N/A,255,2170,-23.2157301,-45.9094568
HEX8I67,6,392,391,Pedido_391,N/A,N/A,75,2425,-23.6038195,-46.5381379
FTL5H41,1,13,12,Pedido_12,N/A,N/A,675,0,-23.1805427,-46.96373
FTL5H41,2,14,13,Pedido_13,N/A,N/A,640,675,-23.1548565,-47.0544653
EJW3F88,1,430,429,Pedido_429,N/A,N/A,2230,0,-23.6133707,-46.5009539
EJW3F88,2,417,416,Pedido_416,N/A,N/A,220,2230,-23.7424958,-46.6618167
EJW3F88,3,264,263,Pedido_263,N/A,N/A,40,2450,-23.4644593,-46.5303663
BWJ8H97,1,428,427,Pedido_427,N/A,N/A,420,0,-23.5733062,-46.5413423
BWJ8H97,2,427,426,Pedido_426,N/A,N/A,735,420,-23.5245532,-46.4917133
BWJ8H97,3,421,420,Pedido_420,N/A,N/A,405,1155,-23.1882135,-46.8563349
BWJ8H97,4,280,279,Pedido_279,N/A,N/A,40,1560,-22.82194,-47.26694
GAL4H76,1,437,436,Pedido_436,N/A,N/A,895,0,-23.18639,-46.88417
GAL4H76,2,436,435,Pedido_435,N/A,N/A,1030,895,-23.2054072,-46.8829113
GAL4H76,3,434,433,Pedido_433,N/A,N/A,1130,1925,-23.5944434,-46.4386057
GAL4H76,4,433,432,Pedido_432,N/A,N/A,260,3055,-23.5475,-46.63611
GAL4H76,5,431,430,Pedido_430,N/A,N/A,1415,3315,-23.5087736,-46.5389309
GAL4H76,6,422,421,Pedido_421,N/A,N/A,260,4730,-23.2495822,-47.0561778
EJW3F71,1,439,438,Pedido_438,N/A,N/A,690,0,-23.172492,-46.8916714
EJW3F71,2,438,437,Pedido_437,N/A,N/A,1150,690,-23.1451635,-46.9157263
EJW3F71,3,435,434,Pedido_434,N/A,N/A,540,1840,-23.5475,-46.63611
EJW3F71,4,420,419,Pedido_419,N/A,N/A,120,2380,-23.169235,-46.909441
EUA1D89,1,443,442,Pedido_442,N/A,N/A,1270,0,-23.15306,-47.05778
EUA1D89,2,442,441,Pedido_441,N/A,N/A,975,1270,-23.21139,-46.82833
EUA1D89,3,424,423,Pedido_423,N/A,N/A,174,2245,-23.5424617,-47.4634582
EUA1D89,4,418,417,Pedido_417,N/A,N/A,80,2419,-23.5475,-46.63611
CZC6A55,1,455,454,Pedido_454,N/A,N/A,510,0,-23.5146471,-46.7786816
CZC6A55,2,452,451,Pedido_451,N/A,N/A,100,510,-23.18639,-46.88417
CZC6A55,3,451,450,Pedido_450,N/A,N/A,100,610,-23.895,-46.42528
CZC6A55,4,450,449,Pedido_449,N/A,N/A,60,710,-23.50167,-47.45806
CZC6A55,5,449,448,Pedido_448,N/A,N/A,140,770,-23.64889,-46.85222
CZC6A55,6,448,447,Pedido_447,N/A,N/A,120,910,-23.502317,-47.4507071
CZC6A55,7,447,446,Pedido_446,N/A,N/A,300,1030,-23.2868804,-46.7419955
CZC6A55,8,446,445,Pedido_445,N/A,N/A,235,1330,-23.2162775,-46.8791364
CZC6A55,9,445,444,Pedido_444,N/A,N/A,480,1565,-23.2269234,-46.8407433
CZC6A55,10,444,443,Pedido_443,N/A,N/A,100,2045,-23.1837581,-46.9154477
CZC6A55,11,441,440,Pedido_440,N/A,N/A,355,2145,-23.21139,-46.82833
CZC6A55,12,440,439,Pedido_439,N/A,N/A,355,2500,-23.2104628,-46.7946342
CZC6A55,13,432,431,Pedido_431,N/A,N/A,80,2855,-23.5475,-46.63611
CZC6A55,14,419,418,Pedido_418,N/A,N/A,60,2935,-23.4650898,-46.6842514
GJO1D33,1,467,466,Pedido_466,N/A,N/A,200,0,-23.4967947,-46.807083
GJO1D33,2,466,465,Pedido_465,N/A,N/A,160,200,-23.5583958,-46.79401
GJO1D33,3,465,464,Pedido_464,N/A,N/A,180,360,-23.5566502,-46.9401478
GJO1D33,4,464,463,Pedido_463,N/A,N/A,160,540,-23.4261102,-47.4508263
GJO1D33,5,463,462,Pedido_462,N/A,N/A,120,700,-22.9703943,-46.9959798
GJO1D33,6,462,461,Pedido_461,N/A,N/A,300,820,-23.1372014,-46.9204443
GJO1D33,7,461,460,Pedido_460,N/A,N/A,180,1120,-23.2096274,-46.87686
GJO1D33,8,460,459,Pedido_459,N/A,N/A,100,1300,-23.5838463,-46.672325
GJO1D33,9,459,458,Pedido_458,N/A,N/A,100,1400,-23.5512633,-46.4784903
GJO1D33,10,458,457,Pedido_457,N/A,N/A,260,1500,-23.52806,-46.34472
GJO1D33,11,457,456,Pedido_456,N/A,N/A,290,1760,-23.932779,-46.3468543
GJO1D33,12,456,455,Pedido_455,N/A,N/A,200,2050,-23.5475,-46.63611
GJO1D33,13,454,453,Pedido_453,N/A,N/A,115,2250,-23.1865399,-46.8985646
GJO1D33,14,453,452,Pedido_452,N/A,N/A,100,2365,-23.1971918,-46.8745837
FCV5H06,1,19,18,Pedido_18,N/A,N/A,280,0,-23.5177931,-46.5853263
FCV5H06,2,1,0,Pedido_0,N/A,N/A,80,280,-23.4973896,-46.7266245
FCV5H06,3,25,24,Pedido_24,N/A,N/A,340,360,-23.5475,-46.63611
FCV5H06,4,12,11,Pedido_11,N/A,N/A,425,700,-23.18639,-46.88417
CSK2351,1,479,478,Pedido_478,N/A,N/A,400,0,-23.5263346,-46.6061665
CSK2351,2,478,477,Pedido_477,N/A,N/A,370,400,-23.5728247,-46.4987755
CSK2351,3,477,476,Pedido_476,N/A,N/A,100,770,-23.5742361,-46.6560882
CSK2351,4,476,475,Pedido_475,N/A,N/A,140,870,-23.51056,-46.87611
CSK2351,5,475,474,Pedido_474,N/A,N/A,200,1010,-23.4661663,-46.5594452
CSK2351,6,474,473,Pedido_473,N/A,N/A,100,1210,-24.00583,-46.40278
CSK2351,7,472,471,Pedido_471,N/A,N/A,160,1310,-23.5564628,-46.8342566
CSK2351,8,469,468,Pedido_468,N/A,N/A,120,1470,-23.5475,-46.63611
EZL3F49,1,510,509,Pedido_509,N/A,N/A,540,0,-23.5242819,-46.5901326
EZL3F49,2,508,507,Pedido_507,N/A,N/A,234,540,-23.5475,-46.63611
EZL3F49,3,506,505,Pedido_505,N/A,N/A,240,774,-23.17944,-45.88694
EZL3F49,4,505,504,Pedido_504,N/A,N/A,320,1014,-22.7437125,-45.5964598
EZL3F49,5,504,503,Pedido_503,N/A,N/A,300,1334,-23.4598445,-46.6986945
EZL3F49,6,502,501,Pedido_501,N/A,N/A,280,1634,-23.96306,-46.39194
EZL3F49,7,500,499,Pedido_499,N/A,N/A,140,1914,-23.5441947,-46.2634901
EZL3F49,8,499,498,Pedido_498,N/A,N/A,120,2054,-23.4175869,-47.4157972
EZL3F49,9,498,497,Pedido_497,N/A,N/A,300,2174,-24.00583,-46.40278
EZL3F49,10,497,496,Pedido_496,N/A,N/A,210,2474,-23.4804833,-46.8052982
EZL3F49,11,496,495,Pedido_495,N/A,N/A,120,2684,-23.5325,-46.79167
EZL3F49,12,494,493,Pedido_493,N/A,N/A,80,2804,-23.5187127,-47.4617229
EZL3F49,13,493,492,Pedido_492,N/A,N/A,306,2884,-21.06667,-50.93333
EZL3F49,14,492,491,Pedido_491,N/A,N/A,100,3190,-23.5025874,-46.8674979
EZL3F49,15,491,490,Pedido_490,N/A,N/A,340,3290,-23.5796817,-46.6404127
EZL3F49,16,490,489,Pedido_489,N/A,N/A,100,3630,-23.26417,-47.29917
EZL3F49,17,489,488,Pedido_488,N/A,N/A,216,3730,-23.4737032,-46.5448854
EZL3F49,18,488,487,Pedido_487,N/A,N/A,120,3946,-23.489062,-46.5744038
EZL3F49,19,487,486,Pedido_486,N/A,N/A,360,4066,-24.7156367,-47.8735194
EZL3F49,20,486,485,Pedido_485,N/A,N/A,120,4426,-24.97232,-47.94529
EZL3F49,21,485,484,Pedido_484,N/A,N/A,240,4546,-24.73611,-48.12278
EZL3F49,22,484,483,Pedido_483,N/A,N/A,180,4786,-23.5267853,-46.7961639
EZL3F49,23,483,482,Pedido_482,N/A,N/A,140,4966,-23.5032364,-46.7671773
EZL3F49,24,482,481,Pedido_481,N/A,N/A,710,5106,-23.4773074,-46.8937742
EZL3F49,25,481,480,Pedido_480,N/A,N/A,60,5816,-23.511968,-46.6159879
EZL3F49,26,480,479,Pedido_479,N/A,N/A,80,5876,-23.2613941,-46.5886899
EZL3F49,27,290,289,Pedido_289,N/A,N/A,40,5956,-23.1557772,-47.0198521
GHT5A24,1,519,518,Pedido_518,N/A,N/A,500,0,-23.5572224,-46.6481436
GHT5A24,2,516,515,Pedido_515,N/A,N/A,360,500,-24.32,-46.99833
GHT5A24,3,515,514,Pedido_514,N/A,N/A,200,860,-23.6392403,-46.6419503
GHT5A24,4,514,513,Pedido_513,N/A,N/A,270,1060,-23.96083,-46.33361
GHT5A24,5,513,512,Pedido_512,N/A,N/A,340,1330,-24.0327245,-46.5256038
GHT5A24,6,511,510,Pedido_510,N/A,N/A,1080,1670,-23.96306,-46.39194
GHT5A24,7,509,508,Pedido_508,N/A,N/A,100,2750,-23.0492139,-46.343872
GHT5A24,8,503,502,Pedido_502,N/A,N/A,133,2850,-23.4917837,-46.3435262
DIE6B09,1,524,523,Pedido_523,N/A,N/A,1200,0,-23.6673537,-46.5941037
DIE6B09,2,523,522,Pedido_522,N/A,N/A,380,1200,-23.741308,-47.0546442
DIE6B09,3,522,521,Pedido_521,N/A,N/A,480,1580,-23.60389,-46.91917
DIE6B09,4,520,519,Pedido_519,N/A,N/A,500,2060,-23.5572224,-46.6481436
DIE6B09,5,518,517,Pedido_517,N/A,N/A,215,2560,-23.5372628,-46.6197338
DIE6B09,6,517,516,Pedido_516,N/A,N/A,100,2775,-23.60389,-46.91917
DIE6B09,7,512,511,Pedido_511,N/A,N/A,100,2875,-23.52272,-46.835
DOD4H99,1,536,535,Pedido_535,N/A,N/A,160,0,-23.3749853,-45.6682787
DOD4H99,2,535,534,Pedido_534,N/A,N/A,160,160,-22.68889,-45.73083
DOD4H99,3,534,533,Pedido_533,N/A,N/A,120,320,-23.1979389,-46.8131823
DOD4H99,4,533,532,Pedido_532,N/A,N/A,200,440,-23.7066222,-46.6876047
DOD4H99,5,532,531,Pedido_531,N/A,N/A,134,640,-23.747989,-46.3746945
DOD4H99,6,531,530,Pedido_530,N/A,N/A,160,774,-23.6486173,-46.6656941
DOD4H99,7,530,529,Pedido_529,N/A,N/A,100,934,-23.4087947,-46.8495441
DOD4H99,8,529,528,Pedido_528,N/A,N/A,200,1034,-21.83222,-46.89361
DOD4H99,9,528,527,Pedido_527,N/A,N/A,160,1234,-23.5254777,-46.6931616
DOD4H99,10,527,526,Pedido_526,N/A,N/A,600,1394,-23.5475,-46.63611
DOD4H99,11,526,525,Pedido_525,N/A,N/A,492,1994,-23.9592884,-46.3381614
DOD4H99,12,525,524,Pedido_524,N/A,N/A,160,2486,-23.60389,-46.91917
DOD4H99,13,521,520,Pedido_520,N/A,N/A,280,2646,-23.6176627,-46.9548532
DOD4H99,14,501,500,Pedido_500,N/A,N/A,60,2926,-23.2646325,-47.2972233
ETQ8I96,1,545,544,Pedido_544,N/A,N/A,400,0,-23.635652,-46.6399683
ETQ8I96,2,544,543,Pedido_543,N/A,N/A,160,400,-23.496022,-46.6772285
ETQ8I96,3,543,542,Pedido_542,N/A,N/A,210,560,-23.6013383,-46.5935479
ETQ8I96,4,542,541,Pedido_541,N/A,N/A,900,770,-24.52,-48.10806
ETQ8I96,5,541,540,Pedido_540,N/A,N/A,350,1670,-23.2628736,-47.6716318
ETQ8I96,6,539,538,Pedido_538,N/A,N/A,200,2020,-22.0,-49.0
ETQ8I96,7,538,537,Pedido_537,N/A,N/A,240,2220,-23.26417,-47.29917
ETQ8I96,8,309,308,Pedido_308,N/A,N/A,40,2460,-22.76111,-47.15417
FVH4C11,1,552,551,Pedido_551,N/A,N/A,120,0,-23.6629,-47.6209
FVH4C11,2,551,550,Pedido_550,N/A,N/A,300,120,-23.5475,-46.63611
FVH4C11,3,550,549,Pedido_549,N/A,N/A,160,420,-23.6170526,-46.7797644
FVH4C11,4,549,548,Pedido_548,N/A,N/A,175,580,-23.5490857,-46.8086203
FVH4C11,5,548,547,Pedido_547,N/A,N/A,440,755,-23.6992148,-46.6104069
FVH4C11,6,547,546,Pedido_546,N/A,N/A,160,1195,-23.50167,-47.45806
FVH4C11,7,546,545,Pedido_545,N/A,N/A,100,1355,-23.41433,-46.4037699
FVH4C11,8,537,536,Pedido_536,N/A,N/A,120,1455,-23.6946544,-45.4422191
FVH4C11,9,155,154,Pedido_154,N/A,N/A,20,1575,-24.18306,-46.78889
ELW9J36,1,567,566,Pedido_566,N/A,N/A,545,0,-23.58845,-46.5798
ELW9J36,2,564,563,Pedido_563,N/A,N/A,260,545,-23.93167,-47.06833
ELW9J36,3,563,562,Pedido_562,N/A,N/A,115,805,-23.6197473,-46.7716109
ELW9J36,4,562,561,Pedido_561,N/A,N/A,260,920,-23.621218,-46.784949
ELW9J36,5,561,560,Pedido_560,N/A,N/A,220,1180,-23.5916859,-46.7749208
ELW9J36,6,560,559,Pedido_559,N/A,N/A,255,1400,-23.9333584,-47.0700715
ELW9J36,7,559,558,Pedido_558,N/A,N/A,120,1655,-23.21725,-46.00151
ELW9J36,8,558,557,Pedido_557,N/A,N/A,80,1775,-23.5338774,-46.6672178
ELW9J36,9,557,556,Pedido_556,N/A,N/A,110,1855,-23.6682373,-46.6185895
ELW9J36,10,556,555,Pedido_555,N/A,N/A,80,1965,-23.50167,-47.45806
ELW9J36,11,555,554,Pedido_554,N/A,N/A,100,2045,-23.46278,-46.53333
ELW9J36,12,554,553,Pedido_553,N/A,N/A,140,2145,-23.5554328,-46.6928898
ELW9J36,13,553,552,Pedido_552,N/A,N/A,120,2285,-23.5937742,-46.7971128
ELW9J36,14,540,539,Pedido_539,N/A,N/A,80,2405,-23.6408129,-46.4989662
PVI0H39,1,579,578,Pedido_578,N/A,N/A,475,0,-23.50167,-47.45806
PVI0H39,2,576,575,Pedido_575,N/A,N/A,120,475,-23.4536671,-46.6639692
PVI0H39,3,575,574,Pedido_574,N/A,N/A,220,595,-23.5277176,-47.4401594
PVI0H39,4,574,573,Pedido_573,N/A,N/A,574,815,-23.8103485,-45.4142886
PVI0H39,5,573,572,Pedido_572,N/A,N/A,155,1389,-23.5489666,-46.5668379
PVI0H39,6,572,571,Pedido_571,N/A,N/A,100,1544,-23.5475,-46.63611
PVI0H39,7,571,570,Pedido_570,N/A,N/A,190,1644,-23.5806907,-46.5855316
PVI0H39,8,570,569,Pedido_569,N/A,N/A,135,1834,-23.5893222,-46.5760476
PVI0H39,9,569,568,Pedido_568,N/A,N/A,155,1969,-23.55801,-46.59508
PVI0H39,10,568,567,Pedido_567,N/A,N/A,100,2124,-23.5664331,-46.5979351
PVI0H39,11,566,565,Pedido_565,N/A,N/A,100,2224,-23.5325,-46.79167
PVI0H39,12,565,564,Pedido_564,N/A,N/A,120,2324,-23.5663331,-46.6954353
PVI0H39,13,412,411,Pedido_411,N/A,N/A,36,2444,-23.1953942,-45.8909157
PVI0H39,14,240,239,Pedido_239,N/A,N/A,20,2480,-23.5582442,-46.6508379
CBM9C30,1,605,604,Pedido_604,N/A,N/A,1000,0,-22.68889,-45.73083
CBM9C30,2,604,603,Pedido_603,N/A,N/A,220,1000,-22.7679745,-47.3267778
CBM9C30,3,603,602,Pedido_602,N/A,N/A,235,1220,-23.5968387,-46.5226399
CBM9C30,4,602,601,Pedido_601,N/A,N/A,140,1455,-23.08842,-47.2119
CBM9C30,5,600,599,Pedido_599,N/A,N/A,160,1595,-23.5051979,-46.7737941
CBM9C30,6,599,598,Pedido_598,N/A,N/A,80,1755,-21.9278104,-50.7385646
CBM9C30,7,598,597,Pedido_597,N/A,N/A,100,1835,-23.4732589,-46.7056203
CBM9C30,8,597,596,Pedido_596,N/A,N/A,100,1935,-23.4873078,-46.7354848
CBM9C30,9,596,595,Pedido_595,N/A,N/A,80,2035,-23.00263,-49.89123
CBM9C30,10,595,594,Pedido_594,N/A,N/A,100,2115,-23.4825331,-46.7231692
CBM9C30,11,594,593,Pedido_593,N/A,N/A,80,2215,-23.4047725,-46.7411747
CBM9C30,12,593,592,Pedido_592,N/A,N/A,400,2295,-23.3362606,-46.8392834
CBM9C30,13,592,591,Pedido_591,N/A,N/A,175,2695,-23.5406793,-46.7169032
CBM9C30,14,591,590,Pedido_590,N/A,N/A,100,2870,-23.2798294,-47.298724
CBM9C30,15,590,589,Pedido_589,N/A,N/A,95,2970,-24.52,-48.10806
CBM9C30,16,589,588,Pedido_588,N/A,N/A,80,3065,-23.5489677,-46.5607487
CBM9C30,17,588,587,Pedido_587,N/A,N/A,135,3145,-23.4886307,-46.8133445
CBM9C30,18,587,586,Pedido_586,N/A,N/A,80,3280,-23.1458027,-46.5801947
CBM9C30,19,586,585,Pedido_585,N/A,N/A,120,3360,-23.4861636,-46.5784059
CBM9C30,20,585,584,Pedido_584,N/A,N/A,120,3480,-23.38083,-48.73085
CBM9C30,21,584,583,Pedido_583,N/A,N/A,300,3600,-24.18333,-47.61667
CBM9C30,22,583,582,Pedido_582,N/A,N/A,400,3900,-23.7424958,-46.6618167
CBM9C30,23,582,581,Pedido_581,N/A,N/A,1000,4300,-23.6924523,-46.7832438
CBM9C30,24,581,580,Pedido_580,N/A,N/A,200,5300,-23.6879,-47.6693
CBM9C30,25,580,579,Pedido_579,N/A,N/A,80,5500,-23.5475,-46.63611
CBM9C30,26,578,577,Pedido_577,N/A,N/A,200,5580,-23.5475,-46.63611
CBM9C30,27,577,576,Pedido_576,N/A,N/A,180,5780,-23.562324,-46.4221435
CBM9C30,28,507,506,Pedido_506,N/A,N/A,40,5960,-23.2298571,-45.8861203
CPI2I00,1,630,629,Pedido_629,N/A,N/A,1000,0,-23.7475989,-46.6642636
CPI2I00,2,627,626,Pedido_626,N/A,N/A,475,1000,-23.1582683,-47.0422031
CPI2I00,3,626,625,Pedido_625,N/A,N/A,240,1475,-23.1521891,-47.0570231
CPI2I00,4,625,624,Pedido_624,N/A,N/A,347,1715,-23.5392496,-46.5535832
CPI2I00,5,621,620,Pedido_620,N/A,N/A,140,2062,-23.474322,-46.668385
CPI2I00,6,620,619,Pedido_619,N/A,N/A,240,2202,-23.4598445,-46.6986945
CPI2I00,7,619,618,Pedido_618,N/A,N/A,1000,2442,-23.8294539,-46.8169557
CPI2I00,8,618,617,Pedido_617,N/A,N/A,300,3442,-23.5475,-46.63611
CPI2I00,9,617,616,Pedido_616,N/A,N/A,80,3742,-23.5475,-46.63611
CPI2I00,10,616,615,Pedido_615,N/A,N/A,100,3822,-23.43149,-46.51214
CPI2I00,11,615,614,Pedido_614,N/A,N/A,270,3922,-23.5430969,-46.5476141
CPI2I00,12,614,613,Pedido_613,N/A,N/A,230,4192,-23.6110814,-46.7763807
CPI2I00,13,613,612,Pedido_612,N/A,N/A,100,4422,-23.5393113,-46.6190086
CPI2I00,14,612,611,Pedido_611,N/A,N/A,400,4522,-23.6292226,-46.4987878
CPI2I00,15,611,610,Pedido_610,N/A,N/A,340,4922,-23.6307077,-46.6045437
CPI2I00,16,610,609,Pedido_609,N/A,N/A,140,5262,-23.5920398,-46.8348449
CPI2I00,17,608,607,Pedido_607,N/A,N/A,150,5402,-23.5475,-46.63611
CPI2I00,18,607,606,Pedido_606,N/A,N/A,260,5552,-23.6991131,-46.5502833
CPI2I00,19,606,605,Pedido_605,N/A,N/A,100,5812,-23.5139012,-46.583372
CPI2I00,20,601,600,Pedido_600,N/A,N/A,80,5912,-23.4798612,-46.8921049
GAZ5J74,1,20,19,Pedido_19,N/A,N/A,250,0,-22.6073243,-46.9072778
GAZ5J74,2,635,634,Pedido_634,N/A,N/A,160,250,-23.1838238,-46.9281076
GAZ5J74,3,634,633,Pedido_633,N/A,N/A,120,410,-23.5544616,-46.6500849
GAZ5J74,4,633,632,Pedido_632,N/A,N/A,140,530,-23.1797337,-46.9055741
GAZ5J74,5,632,631,Pedido_631,N/A,N/A,200,670,-24.32,-46.99833
GAZ5J74,6,631,630,Pedido_630,N/A,N/A,140,870,-24.32,-46.99833
GAZ5J74,7,629,628,Pedido_628,N/A,N/A,320,1010,-23.1872004,-46.9847659
GAZ5J74,8,628,627,Pedido_627,N/A,N/A,100,1330,-23.0890985,-46.975001
GAZ5J74,9,624,623,Pedido_623,N/A,N/A,100,1430,-23.50167,-47.45806
GAZ5J74,10,609,608,Pedido_608,N/A,N/A,70,1530,-23.5848574,-46.6421213
EWO3F09,1,645,644,Pedido_644,N/A,N/A,100,0,-23.08639,-46.95056
EWO3F09,2,644,643,Pedido_643,N/A,N/A,300,100,-23.52272,-46.835
EWO3F09,3,642,641,Pedido_641,N/A,N/A,140,400,-23.1047535,-47.2338758
EWO3F09,4,641,640,Pedido_640,N/A,N/A,140,540,-23.20083,-47.28694
EWO3F09,5,640,639,Pedido_639,N/A,N/A,140,680,-23.275325,-47.0495177
EWO3F09,6,639,638,Pedido_638,N/A,N/A,140,820,-23.08842,-47.2119
EWO3F09,7,638,637,Pedido_637,N/A,N/A,140,960,-23.1070653,-47.182188
EWO3F09,8,637,636,Pedido_636,N/A,N/A,200,1100,-23.0785522,-47.2069032
EWO3F09,9,636,635,Pedido_635,N/A,N/A,200,1300,-24.2999496,-46.9892214
DVM6E68,1,15,14,Pedido_14,N/A,N/A,340,0,-23.0270563,-46.9783376
DVM6E68,2,4,3,Pedido_3,N/A,N/A,80,340,-22.76111,-47.15417
DVM6E68,3,21,20,Pedido_20,N/A,N/A,60,420,-22.6761408,-46.9920567
DVM6E68,4,5,4,Pedido_4,N/A,N/A,320,480,-22.63306,-47.05556
DVM6E68,5,17,16,Pedido_16,N/A,N/A,300,800,-22.18556,-47.39028
DVM6E68,6,10,9,Pedido_9,N/A,N/A,630,1100,-22.1852455,-47.3901636
DVM6E68,7,9,8,Pedido_8,N/A,N/A,465,1730,-21.99611,-47.42583
DVM6E68,8,8,7,Pedido_7,N/A,N/A,335,2195,-21.99611,-47.42583
DVM6E68,9,11,10,Pedido_10,N/A,N/A,310,2530,-22.56472,-47.40167
DVM6E68,10,26,25,Pedido_25,N/A,N/A,60,2840,-23.26417,-47.29917
FKU1682,1,656,655,Pedido_655,N/A,N/A,540,0,-23.3749853,-45.6682787
FKU1682,2,654,653,Pedido_653,N/A,N/A,240,540,-23.5258595,-46.4698864
FKU1682,3,652,651,Pedido_651,N/A,N/A,506,780,-23.4669058,-46.5811562
FKU1682,4,274,273,Pedido_273,N/A,N/A,20,1286,-23.60389,-46.91917
FKU1682,5,22,21,Pedido_21,N/A,N/A,135,1306,-23.502317,-47.4507071
SSV8C39,1,29,28,Pedido_28,N/A,N/A,220,0,-23.5475,-46.63611
SSV8C39,2,3,2,Pedido_2,N/A,N/A,100,220,-23.5312906,-46.6386411
SSV8C39,3,16,15,Pedido_15,N/A,N/A,375,320,-23.66389,-46.53833
SSV8C39,4,2,1,Pedido_1,N/A,N/A,120,695,-23.7035411,-46.5949433
SSV8C39,5,6,5,Pedido_5,N/A,N/A,60,815,-23.7787433,-45.6144153
SSV8C39,6,389,388,Pedido_388,N/A,N/A,60,875,-24.32,-46.99833
SSV8C39,7,416,415,Pedido_415,N/A,N/A,305,935,-23.5475,-46.63611
SSV8C39,8,425,424,Pedido_424,N/A,N/A,1230,1240,-23.5386385,-46.4308871
IXB7J94,1,683,682,Pedido_682,N/A,N/A,720,0,-23.9671384,-46.3076691
IXB7J94,2,682,681,Pedido_681,N/A,N/A,460,720,-23.6498005,-46.3663212
IXB7J94,3,681,680,Pedido_680,N/A,N/A,95,1180,-23.36667,-49.16667
IXB7J94,4,680,679,Pedido_679,N/A,N/A,380,1275,-23.2195694,-47.9448753
IXB7J94,5,679,678,Pedido_678,N/A,N/A,135,1655,-23.5554462,-46.650081
IXB7J94,6,678,677,Pedido_677,N/A,N/A,200,1790,-23.48442,-46.6586
IXB7J94,7,677,676,Pedido_676,N/A,N/A,160,1990,-20.48333,-50.01667
IXB7J94,8,676,675,Pedido_675,N/A,N/A,120,2150,-23.50167,-47.45806
IXB7J94,9,675,674,Pedido_674,N/A,N/A,135,2270,-23.4965576,-46.6280895
IXB7J94,10,674,673,Pedido_673,N/A,N/A,100,2405,-23.4831217,-46.8053765
IXB7J94,11,673,672,Pedido_672,N/A,N/A,475,2505,-23.4707582,-47.4550598
IXB7J94,12,672,671,Pedido_671,N/A,N/A,220,2980,-23.6083178,-45.3511302
IXB7J94,13,671,670,Pedido_670,N/A,N/A,420,3200,-23.54667,-47.43778
IXB7J94,14,670,669,Pedido_669,N/A,N/A,150,3620,-23.5059366,-46.7161322
IXB7J94,15,668,667,Pedido_667,N/A,N/A,675,3770,-22.9495493,-47.0928675
IXB7J94,16,666,665,Pedido_665,N/A,N/A,80,4445,-23.5340401,-46.8534601
IXB7J94,17,665,664,Pedido_664,N/A,N/A,100,4525,-23.9659702,-46.4115062
IXB7J94,18,662,661,Pedido_661,N/A,N/A,120,4625,-22.90556,-47.06083
IXB7J94,19,495,494,Pedido_494,N/A,N/A,20,4745,-23.4953736,-46.9513761
CVZ7J94,1,691,690,Pedido_690,N/A,N/A,600,0,-23.6545806,-46.6368308
CVZ7J94,2,689,688,Pedido_688,N/A,N/A,300,600,-23.6483044,-46.3141634
CVZ7J94,3,688,687,Pedido_687,N/A,N/A,300,900,-23.738973,-46.666526
CVZ7J94,4,687,686,Pedido_686,N/A,N/A,1200,1200,-24.4989854,-47.8452091
CVZ7J94,5,686,685,Pedido_685,N/A,N/A,120,2400,-23.5475,-46.63611
CVZ7J94,6,685,684,Pedido_684,N/A,N/A,120,2520,-23.6422001,-45.4375369
CVZ7J94,7,684,683,Pedido_683,N/A,N/A,200,2640,-23.2885142,-46.6311519
CVZ7J94,8,646,645,Pedido_645,N/A,N/A,40,2840,-23.59556,-46.52472
CVZ7J94,9,23,22,Pedido_22,N/A,N/A,110,2880,-23.52819,-47.46832
FTY6B82,1,24,23,Pedido_23,N/A,N/A,260,0,-22.7476542,-46.8985023
FTY6B82,2,318,317,Pedido_317,N/A,N/A,200,260,-23.55,-46.61667
FTY6B82,3,316,315,Pedido_315,N/A,N/A,90,460,-23.6463226,-46.5955091
FTY6B82,4,315,314,Pedido_314,N/A,N/A,215,550,-23.5011283,-46.8754334
FTY6B82,5,314,313,Pedido_313,N/A,N/A,140,765,-23.35611,-46.87694
FTY6B82,6,313,312,Pedido_312,N/A,N/A,180,905,-23.15306,-47.05778
FTY6B82,7,312,311,Pedido_311,N/A,N/A,120,1085,-23.5475,-46.63611
FTY6B82,8,311,310,Pedido_310,N/A,N/A,100,1205,-23.7681278,-45.6544502
FTY6B82,9,310,309,Pedido_309,N/A,N/A,80,1305,-23.6726791,-46.4503303
FTY6B82,10,308,307,Pedido_307,N/A,N/A,310,1385,-23.5050525,-47.6182181
FTY6B82,11,307,306,Pedido_306,N/A,N/A,80,1695,-23.1244356,-46.5647979
FTY6B82,12,306,305,Pedido_305,N/A,N/A,240,1775,-23.24389,-46.55222
FTY6B82,13,305,304,Pedido_304,N/A,N/A,100,2015,-23.5659937,-46.504011
FTY6B82,14,304,303,Pedido_303,N/A,N/A,300,2115,-23.5194474,-46.7012017
FTY6B82,15,302,301,Pedido_301,N/A,N/A,210,2415,-23.59167,-48.05306
FTY6B82,16,300,299,Pedido_299,N/A,N/A,120,2625,-23.7284559,-46.5582636
FTY6B82,17,694,693,Pedido_693,N/A,N/A,220,2745,-23.5119988,-46.779681
FTY6B82,18,693,692,Pedido_692,N/A,N/A,1405,2965,-23.46278,-46.53333
FTY6B82,19,692,691,Pedido_691,N/A,N/A,200,4370,-23.4555826,-46.5899705
FTY6B82,20,690,689,Pedido_689,N/A,N/A,120,4570,-23.642015,-46.3254909
FTY6B82,21,669,668,Pedido_668,N/A,N/A,60,4690,-23.2541491,-45.9313672
ELQ4H71,1,667,666,Pedido_666,N/A,N/A,340,0,-23.17944,-45.88694
ELQ4H71,2,664,663,Pedido_663,N/A,N/A,275,340,-23.6946544,-45.4422191
ELQ4H71,3,663,662,Pedido_662,N/A,N/A,320,615,-23.4719455,-46.5994511
ELQ4H71,4,661,660,Pedido_660,N/A,N/A,200,935,-23.5002484,-46.6204722
ELQ4H71,5,660,659,Pedido_659,N/A,N/A,140,1135,-23.4989217,-46.7711929
ELQ4H71,6,659,658,Pedido_658,N/A,N/A,120,1275,-23.577604,-46.623795
ELQ4H71,7,658,657,Pedido_657,N/A,N/A,390,1395,-23.2298571,-45.8861203
ELQ4H71,8,657,656,Pedido_656,N/A,N/A,180,1785,-23.4595654,-46.5081069
ELQ4H71,9,653,652,Pedido_652,N/A,N/A,100,1965,-23.5475,-46.63611
ELQ4H71,10,623,622,Pedido_622,N/A,N/A,75,2065,-23.47093,-46.617617
ELQ4H71,11,281,280,Pedido_280,N/A,N/A,20,2140,-23.46667,-46.46667
ELQ4H71,12,655,654,Pedido_654,N/A,N/A,2000,2160,-23.4669058,-46.5811562
ELQ4H71,13,651,650,Pedido_650,N/A,N/A,100,4160,-23.6830194,-46.5922176
ELQ4H71,14,650,649,Pedido_649,N/A,N/A,100,4260,-23.6061623,-46.6415406
ELQ4H71,15,649,648,Pedido_648,N/A,N/A,120,4360,-23.423113,-46.4937482
ELQ4H71,16,648,647,Pedido_647,N/A,N/A,180,4480,-23.69389,-46.565
ELQ4H71,17,647,646,Pedido_646,N/A,N/A,160,4660,-23.5475,-46.63611
ELQ4H71,18,622,621,Pedido_621,N/A,N/A,75,4820,-23.1825,-46.5775
